COG0081	1.00000
COG0522	0.99978
COG0480	0.99978
COG0202	0.99978
COG0200	0.99978
COG0197	0.99978
COG0098	0.99978
COG0096	0.99978
COG0094	0.99978
COG0090	0.99978
COG0088	0.99978
COG0087	0.99978
COG0080	0.99978
COG0256	0.99955
COG0215	0.99955
COG0172	0.99955
COG0097	0.99955
COG0092	0.99955
COG0091	0.99955
COG0049	0.99955
COG0018	0.99955
COG0016	0.99955
COG0525	0.99933
COG0244	0.99933
COG0201	0.99933
COG0187	0.99933
COG0124	0.99933
COG0093	0.99933
COG0563	0.99910
COG0533	0.99910
COG0495	0.99910
COG0264	0.99910
COG0188	0.99910
COG0103	0.99910
COG0102	0.99910
COG0568	0.99888
COG0564	0.99888
COG0484	0.99888
COG0233	0.99888
COG0089	0.99888
COG0292	0.99865
COG0250	0.99865
COG0012	0.99865
COG0008	0.99865
COG0541	0.99843
COG0052	0.99843
COG0048	0.99843
COG0552	0.99820
COG0443	0.99820
COG0441	0.99820
COG0216	0.99820
COG0198	0.99820
COG0195	0.99820
COG0143	0.99820
COG0100	0.99820
COG0085	0.99820
COG0691	0.99798
COG0203	0.99798
COG0186	0.99798
COG0653	0.99775
COG0481	0.99775
COG0099	0.99775
COG0086	0.99775
COG0592	0.99753
COG0084	0.99753
COG0024	0.99753
COG0210	0.99730
COG0587	0.99708
COG0013	0.99708
COG0231	0.99685
COG0180	0.99685
COG0629	0.99663
COG0072	0.99663
COG0060	0.99663
COG0576	0.99640
COG0360	0.99640
COG0335	0.99640
COG0185	0.99640
COG0184	0.99640
COG0359	0.99618
COG0358	0.99618
COG0275	0.99618
COG0222	0.99618
COG0706	0.99595
COG0536	0.99595
COG0781	0.99573
COG0162	0.99573
COG0009	0.99573
COG0305	0.99550
COG0319	0.99528
COG0030	0.99528
COG0228	0.99505
COG0528	0.99483
COG0336	0.99483
COG0193	0.99483
COG0550	0.99460
COG0242	0.99460
COG0261	0.99438
COG0126	0.99438
COG0051	0.99438
COG1160	0.99393
COG0566	0.99393
COG0465	0.99393
COG0211	0.99393
COG0468	0.99370
COG0272	0.99348
COG0238	0.99348
COG0006	0.99325
COG0149	0.99303
COG2890	0.99280
COG1109	0.99280
COG0204	0.99280
COG1136	0.99213
COG0537	0.99213
COG0544	0.99190
COG0462	0.99190
COG2812	0.99145
COG0268	0.99145
COG1132	0.99078
COG0223	0.99078
COG0361	0.99055
COG0542	0.99033
COG0492	0.99010
COG0290	0.98965
COG1214	0.98943
COG0178	0.98920
COG1466	0.98898
COG0057	0.98898
COG0681	0.98853
COG0173	0.98853
COG0050	0.98853
COG0036	0.98853
COG0322	0.98830
COG0192	0.98808
COG0858	0.98785
COG0532	0.98785
COG0130	0.98740
COG0037	0.98740
COG0632	0.98718
COG0593	0.98718
COG0571	0.98718
COG0556	0.98718
COG0234	0.98695
COG2255	0.98673
COG0190	0.98650
COG0217	0.98628
COG0101	0.98628
COG0459	0.98605
COG1198	0.98583
COG0196	0.98538
COG0237	0.98470
COG0254	0.98448
COG0324	0.98403
COG0682	0.98380
COG0206	0.98358
COG1187	0.98335
COG0313	0.98313
COG0802	0.98200
COG0617	0.98178
COG0669	0.98155
COG0353	0.98133
COG0740	0.98065
COG0142	0.98065
COG1028	0.98043
COG0749	0.98043
COG0148	0.97998
COG1181	0.97975
COG0742	0.97975
COG0472	0.97975
COG1159	0.97930
COG0020	0.97930
COG0265	0.97908
COG0772	0.97885
COG0745	0.97885
COG0482	0.97863
COG0707	0.97795
COG0164	0.97795
COG3118	0.97773
COG0255	0.97773
COG0768	0.97750
COG0766	0.97750
COG0597	0.97728
COG0769	0.97705
COG0773	0.97660
COG0812	0.97593
COG0516	0.97525
COG0770	0.97503
COG1219	0.97435
COG0771	0.97435
COG0061	0.97413
COG0171	0.97345
COG0539	0.97323
COG0285	0.97278
COG0456	0.97188
COG0194	0.97188
COG0519	0.97165
COG1381	0.97143
COG0317	0.97008
COG0127	0.97008
COG0283	0.96985
COG0776	0.96963
COG0806	0.96940
COG0816	0.96918
COG1197	0.96895
COG0628	0.96850
COG0517	0.96805
COG0750	0.96783
COG0457	0.96693
COG0436	0.96693
COG0042	0.96670
COG0236	0.96648
COG2226	0.96625
COG0488	0.96603
COG0112	0.96580
COG0015	0.96580
COG1186	0.96513
COG0166	0.96490
COG0438	0.96468
COG2814	0.96400
COG0497	0.96378
COG0177	0.96333
COG0758	0.96310
COG0240	0.96310
COG1185	0.96288
COG1196	0.96198
COG0104	0.96198
COG0136	0.96153
COG0461	0.96063
COG1314	0.96040
COG0167	0.95973
COG0527	0.95951
COG1253	0.95928
COG0526	0.95883
COG0291	0.95861
COG0284	0.95838
COG0711	0.95816
COG0787	0.95748
COG0697	0.95591
COG0782	0.95523
COG0449	0.95501
COG0329	0.95501
COG0357	0.95478
COG0199	0.95411
COG1217	0.95388
COG1200	0.95388
COG0504	0.95343
COG0799	0.95321
COG0340	0.95298
COG0494	0.95276
COG0635	0.95163
COG0304	0.95163
COG4974	0.95141
COG1385	0.95141
COG0224	0.95141
COG0258	0.95051
COG0227	0.95051
COG0331	0.94961
COG1674	0.94826
COG1131	0.94826
COG1057	0.94803
COG0152	0.94803
COG0138	0.94781
COG2217	0.94758
COG0151	0.94736
COG0056	0.94623
COG0590	0.94556
COG0055	0.94533
COG2256	0.94443
COG0735	0.94443
COG0442	0.94443
COG1544	0.94421
COG0356	0.94421
COG0150	0.94421
COG0034	0.94331
COG1066	0.94308
COG0452	0.94286
COG0046	0.94263
COG0489	0.94218
COG0169	0.94218
COG0558	0.94173
COG0540	0.94173
COG0047	0.94128
COG0041	0.94128
COG1475	0.94038
COG0128	0.94038
COG0513	0.93926
COG0658	0.93903
COG0355	0.93903
COG0115	0.93881
COG0469	0.93836
COG0703	0.93813
COG0491	0.93813
COG2205	0.93768
COG1040	0.93723
COG0082	0.93678
COG1589	0.93656
COG0778	0.93566
COG1192	0.93521
COG0779	0.93476
COG2265	0.93453
COG0712	0.93408
COG0325	0.93408
COG0212	0.93386
COG1309	0.93296
COG0458	0.93161
COG0583	0.93116
COG0789	0.93093
COG5002	0.92958
COG0690	0.92868
COG0019	0.92868
COG0652	0.92756
COG0251	0.92733
COG0820	0.92576
COG0289	0.92531
COG0144	0.92283
COG0337	0.92261
COG1012	0.92148
COG0031	0.92148
COG0505	0.92036
COG0209	0.91924
COG1207	0.91856
COG0220	0.91766
COG1249	0.91699
COG0328	0.91699
COG1862	0.91609
COG0607	0.91609
COG0624	0.91564
COG1073	0.91474
COG1396	0.91406
COG1215	0.91406
COG2262	0.91339
COG1968	0.91339
COG0267	0.91271
COG0577	0.91226
COG3842	0.91136
COG1846	0.91114
COG0460	0.91024
COG0299	0.90979
COG0463	0.90844
COG0345	0.90844
COG1570	0.90821
COG0664	0.90799
COG0332	0.90754
COG0668	0.90664
COG0621	0.90664
COG0640	0.90641
COG0520	0.90619
COG1546	0.90506
COG1080	0.90439
COG1104	0.90281
COG0451	0.90281
COG2267	0.90259
COG1399	0.90259
COG0330	0.90214
COG1702	0.90169
COG0470	0.90146
COG1595	0.90034
COG1051	0.89989
COG1559	0.89921
COG0078	0.89899
COG0389	0.89831
COG0388	0.89741
COG0346	0.89741
COG0708	0.89606
COG0546	0.89516
COG0534	0.89426
COG0343	0.89404
COG0594	0.89269
COG0498	0.89179
COG0342	0.89089
COG2197	0.89021
COG0226	0.88954
COG1841	0.88931
COG1670	0.88796
COG0073	0.88774
COG1216	0.88751
COG0079	0.88729
COG0028	0.88706
COG2755	0.88639
COG0350	0.88549
COG0341	0.88526
COG0044	0.88481
COG0524	0.88324
COG1195	0.88189
COG0671	0.88189
COG0125	0.88166
COG0063	0.88144
COG0796	0.88099
COG0718	0.88099
COG0294	0.88099
COG0582	0.88076
COG0801	0.88054
COG0174	0.88054
COG0739	0.88009
COG1053	0.87942
COG0406	0.87852
COG0225	0.87852
COG0842	0.87807
COG0424	0.87559
COG0557	0.87357
COG1947	0.87289
COG1087	0.87267
COG1278	0.87244
COG1388	0.87177
COG1154	0.87042
COG0589	0.87042
COG0503	0.87019
COG0394	0.86974
COG1985	0.86929
COG1158	0.86929
COG2919	0.86772
COG0860	0.86682
COG0137	0.86682
COG0165	0.86659
COG0077	0.86637
COG0730	0.86614
COG0154	0.86592
COG0287	0.86479
COG0039	0.86434
COG0507	0.86367
COG0744	0.86277
COG0111	0.86254
COG0847	0.86119
COG0726	0.86119
COG0473	0.86119
COG0119	0.86119
COG1211	0.85984
COG0054	0.85984
COG0253	0.85872
COG0147	0.85827
COG0307	0.85714
COG0512	0.85624
COG0117	0.85489
COG1295	0.85467
COG0176	0.85422
COG0446	0.85399
COG0108	0.85399
COG2244	0.85377
COG0191	0.85377
COG1974	0.85332
COG0333	0.85332
COG4992	0.85287
COG0596	0.85242
COG1502	0.85219
COG0569	0.85219
COG0741	0.85197
COG0673	0.85197
COG2207	0.85129
COG0834	0.85107
COG0281	0.85084
COG0133	0.84904
COG1327	0.84882
COG0760	0.84859
COG1917	0.84747
COG1074	0.84747
COG0791	0.84724
COG1190	0.84702
COG1722	0.84589
COG0129	0.84274
COG0807	0.84252
COG0515	0.84229
COG0323	0.84229
COG0318	0.84229
COG0262	0.84229
COG0822	0.84162
COG0845	0.84139
COG1335	0.84117
COG0229	0.84072
COG0035	0.83960
COG0714	0.83847
COG0601	0.83802
COG0059	0.83802
COG0793	0.83780
COG1117	0.83735
COG0685	0.83735
COG0021	0.83735
COG1959	0.83690
COG0637	0.83667
COG0821	0.83645
COG0612	0.83600
COG0245	0.83577
COG0581	0.83555
COG0761	0.83397
COG0053	0.83397
COG1825	0.83352
COG1194	0.83262
COG0106	0.83172
COG0352	0.83127
COG0159	0.83127
COG0263	0.83015
COG0351	0.82947
COG0107	0.82947
COG0014	0.82925
COG0756	0.82857
COG0066	0.82812
COG0141	0.82700
COG0065	0.82700
COG0606	0.82677
COG0280	0.82655
COG0809	0.82632
COG0493	0.82632
COG0105	0.82565
COG0040	0.82542
COG1173	0.82520
COG0131	0.82497
COG0547	0.82475
COG0134	0.82407
COG0705	0.82385
COG0614	0.82385
COG0139	0.82362
COG0300	0.82295
COG0118	0.82295
COG0486	0.82227
COG0548	0.82205
COG1539	0.82182
COG0764	0.82137
COG0693	0.82137
COG1576	0.82115
COG1108	0.82115
COG0110	0.82115
COG0584	0.82070
COG0824	0.82025
COG0598	0.82025
COG1162	0.81935
COG0002	0.81912
COG0634	0.81845
COG1121	0.81822
COG0445	0.81755
COG2148	0.81687
COG1758	0.81665
COG0372	0.81530
COG1225	0.81305
COG1488	0.81282
COG0743	0.81260
COG0608	0.81237
COG0511	0.81192
COG0605	0.81035
COG0817	0.80967
COG0792	0.80945
COG0803	0.80832
COG0508	0.80832
COG0609	0.80742
COG1171	0.80720
COG1587	0.80675
COG0479	0.80675
COG1472	0.80630
COG2177	0.80495
COG0476	0.80495
COG0440	0.80495
COG0249	0.80427
COG1530	0.80360
COG1045	0.80315
COG0064	0.80270
COG2137	0.80247
COG0181	0.80202
COG0248	0.80045
COG0531	0.80022
COG0439	0.79910
COG1011	0.79775
COG0825	0.79460
COG1496	0.79438
COG1555	0.79393
COG0334	0.79325
COG0777	0.79303
COG0363	0.79235
COG0561	0.79213
COG2884	0.79168
COG1409	0.79168
COG2801	0.79145
COG0501	0.79123
COG0667	0.79078
COG0704	0.79055
COG1853	0.79033
COG0573	0.79010
COG0113	0.79010
COG0483	0.78943
COG0553	0.78853
COG0721	0.78830
COG2227	0.78560
COG1522	0.78538
COG1792	0.78493
COG0140	0.78448
COG0466	0.78425
COG2264	0.78223
COG1052	0.78088
COG0665	0.78088
COG1940	0.78043
COG2239	0.77975
COG1611	0.77773
COG0302	0.77728
COG0366	0.77705
COG1120	0.77638
COG0626	0.77615
COG1902	0.77570
COG1354	0.77570
COG0277	0.77570
COG0574	0.77548
COG0230	0.77548
COG0846	0.77435
COG0719	0.77413
COG0282	0.77390
COG0757	0.77345
COG0636	0.77323
COG1386	0.77300
COG0062	0.77300
COG0715	0.77233
COG0514	0.77233
COG0396	0.77233
COG1960	0.77210
COG0805	0.77210
COG0695	0.77210
COG0518	0.77210
COG0509	0.77210
COG1188	0.77188
COG0477	0.77188
COG0414	0.77188
COG0327	0.77053
COG2304	0.77030
COG1826	0.77030
COG0266	0.76985
COG1609	0.76963
COG0775	0.76918
COG1063	0.76895
COG4221	0.76670
COG1490	0.76490
COG0218	0.76468
COG0407	0.76423
COG0554	0.76400
COG1088	0.76355
COG1048	0.76265
COG1077	0.76243
COG0069	0.76243
COG0399	0.76198
COG1266	0.76130
COG0500	0.76085
COG0702	0.75973
COG2050	0.75861
COG0450	0.75793
COG0849	0.75771
COG0662	0.75703
COG2608	0.75636
COG0657	0.75613
COG0413	0.75613
COG0828	0.75591
COG0071	0.75568
COG0692	0.75523
COG1403	0.75478
COG1605	0.75433
COG0208	0.75433
COG1126	0.75411
COG1004	0.75366
COG0205	0.75366
COG1925	0.75253
COG1970	0.75208
COG1247	0.75163
COG1932	0.75118
COG0004	0.75051
COG0759	0.75028
COG0219	0.74983
COG0239	0.74938
COG1835	0.74871
COG1393	0.74848
COG0765	0.74848
COG0642	0.74668
COG0823	0.74601
COG1209	0.74578
COG0183	0.74533
COG0288	0.74443
COG0602	0.74398
COG0419	0.74398
COG0560	0.74376
COG0320	0.74353
COG1660	0.74331
COG0604	0.74331
COG0026	0.74286
COG1680	0.74196
COG0179	0.74196
COG3956	0.74128
COG0475	0.74106
COG0189	0.73993
COG2003	0.73926
COG2001	0.73903
COG0639	0.73881
COG0841	0.73858
COG1305	0.73768
COG0646	0.73768
COG2378	0.73746
COG4942	0.73723
COG1143	0.73701
COG0157	0.73611
COG0586	0.73566
COG1686	0.73543
COG0762	0.73543
COG0747	0.73543
COG0074	0.73498
COG1597	0.73386
COG0521	0.73386
COG1009	0.73363
COG1473	0.73273
COG0045	0.73273
COG2070	0.73251
COG2171	0.73206
COG0755	0.73116
COG0276	0.73116
COG0736	0.73071
COG1404	0.72958
COG0168	0.72913
COG0591	0.72891
COG0286	0.72868
COG0207	0.72823
COG0067	0.72823
COG4108	0.72801
COG0156	0.72756
COG0135	0.72598
COG1210	0.72576
COG1167	0.72553
COG0855	0.72553
COG1739	0.72486
COG0683	0.72486
COG1235	0.72418
COG0001	0.72396
COG4122	0.72351
COG0659	0.72036
COG2183	0.72013
COG1024	0.71901
COG0232	0.71834
COG3307	0.71609
COG0728	0.71586
COG0404	0.71541
COG0297	0.71541
COG3064	0.71496
COG0431	0.71384
COG2896	0.71294
COG0416	0.71294
COG1476	0.71226
COG0347	0.71226
COG1898	0.71204
COG0303	0.71069
COG2271	0.71001
COG3391	0.70979
COG0316	0.70956
COG1410	0.70866
COG2220	0.70799
COG0235	0.70799
COG0502	0.70731
COG1573	0.70709
COG0663	0.70686
COG0365	0.70664
COG0631	0.70596
COG0007	0.70551
COG0247	0.70484
COG1420	0.70461
COG0382	0.70461
COG1091	0.70439
COG2606	0.70416
COG1376	0.70394
COG0260	0.70304
COG4166	0.70191
COG0308	0.70056
COG1760	0.70034
COG0315	0.70034
COG3706	0.70011
COG1989	0.69966
COG0403	0.69921
COG1003	0.69899
COG2025	0.69809
COG1961	0.69741
COG1521	0.69741
COG2963	0.69629
COG2086	0.69606
COG0402	0.69584
COG0679	0.69539
COG2211	0.69471
COG1733	0.69404
COG0784	0.69404
COG0420	0.69404
COG0114	0.69201
COG0600	0.69156
COG1250	0.69134
COG1349	0.69089
COG1116	0.69044
COG0344	0.68976
COG1301	0.68954
COG2017	0.68931
COG1146	0.68931
COG0274	0.68931
COG0661	0.68841
COG4948	0.68796
COG0444	0.68751
COG0688	0.68684
COG4191	0.68616
COG1434	0.68301
COG0474	0.68301
COG1252	0.68256
COG0433	0.68166
COG0373	0.68166
COG0296	0.68121
COG0005	0.68121
COG1226	0.68054
COG1061	0.68031
COG1426	0.68009
COG0379	0.67897
COG1734	0.67874
COG0295	0.67874
COG0175	0.67784
COG1721	0.67717
COG4608	0.67694
COG1234	0.67694
COG2188	0.67627
COG1653	0.67604
COG1208	0.67582
COG0543	0.67469
COG0306	0.67469
COG1752	0.67447
COG2252	0.67424
COG0221	0.67424
COG0257	0.67334
COG1610	0.67244
COG1271	0.67132
COG0861	0.67132
COG0737	0.67132
COG2334	0.67019
COG0454	0.67019
COG0595	0.66884
COG1294	0.66772
COG1651	0.66749
COG3279	0.66704
COG0364	0.66637
COG2834	0.66614
COG0746	0.66614
COG0698	0.66569
COG4799	0.66547
COG4585	0.66434
COG0616	0.66367
COG2204	0.66299
COG0783	0.66277
COG1454	0.66232
COG1695	0.66209
COG0326	0.66187
COG1451	0.66074
COG0321	0.66074
COG0038	0.66029
COG3266	0.66007
COG2885	0.65984
COG2873	0.65984
COG2223	0.65984
COG2084	0.65984
COG4591	0.65872
COG0252	0.65872
COG0161	0.65804
COG2203	0.65782
COG1364	0.65759
COG1286	0.65737
COG0725	0.65737
COG0572	0.65714
COG1082	0.65692
COG0689	0.65647
COG1199	0.65602
COG0395	0.65467
COG1280	0.65422
COG0656	0.65399
COG1418	0.65354
COG0029	0.65354
COG1071	0.65309
COG0058	0.65242
COG0611	0.65174
COG2259	0.65107
COG2081	0.65107
COG3409	0.65084
COG3087	0.65084
COG1175	0.65084
COG2076	0.65062
COG1304	0.65062
COG0022	0.64994
COG2233	0.64792
COG0535	0.64769
COG1704	0.64657
COG1129	0.64544
COG0644	0.64499
COG2818	0.64387
COG0243	0.64342
COG0392	0.64094
COG2022	0.63982
COG0655	0.63982
COG1135	0.63937
COG0810	0.63915
COG1762	0.63892
COG1183	0.63847
COG0070	0.63847
COG2333	0.63757
COG2010	0.63757
COG0010	0.63735
COG0422	0.63690
COG3170	0.63667
COG1230	0.63667
COG1511	0.63645
COG0599	0.63645
COG1018	0.63600
COG0623	0.63577
COG0025	0.63487
COG1055	0.63465
COG1802	0.63442
COG1807	0.63420
COG1086	0.63420
COG0367	0.63217
COG2151	0.63195
COG1520	0.63150
COG1477	0.63150
COG0567	0.63150
COG1281	0.63082
COG1714	0.63037
COG0720	0.63015
COG1272	0.62992
COG1070	0.62947
COG0815	0.62902
COG1092	0.62835
COG1622	0.62812
COG0843	0.62700
COG0109	0.62700
COG0116	0.62677
COG1845	0.62655
COG0314	0.62655
COG1322	0.62632
COG1977	0.62452
COG1189	0.62430
COG2127	0.62407
COG2860	0.62317
COG3568	0.62295
COG2911	0.62160
COG0620	0.62160
COG3206	0.62070
COG0654	0.62047
COG0386	0.62002
COG4149	0.61912
COG0613	0.61867
COG0580	0.61800
COG1560	0.61597
COG1894	0.61552
COG5001	0.61530
COG1228	0.61530
COG0578	0.61417
COG0523	0.61417
COG0506	0.61305
COG1607	0.61260
COG0723	0.61215
COG2199	0.61170
COG2141	0.61080
COG1459	0.61035
COG1538	0.60900
COG1765	0.60877
COG1122	0.60810
COG2104	0.60765
COG1058	0.60765
COG0717	0.60675
COG2246	0.60540
COG0751	0.60517
COG0694	0.60495
COG2186	0.60472
COG1408	0.60472
COG1177	0.60405
COG4770	0.60382
COG1820	0.60382
COG0752	0.60382
COG2030	0.60315
COG2230	0.60225
COG0800	0.60112
COG0155	0.60112
COG1463	0.60045
COG1741	0.59910
COG1008	0.59820
COG4123	0.59775
COG3027	0.59753
COG2897	0.59753
COG1905	0.59730
COG0794	0.59730
COG1005	0.59663
COG0687	0.59663
COG1600	0.59640
COG0627	0.59640
COG0649	0.59618
COG0619	0.59618
COG0499	0.59618
COG1007	0.59595
COG0377	0.59550
COG0410	0.59483
COG0852	0.59460
COG0839	0.59460
COG0496	0.59460
COG1014	0.59438
COG2804	0.59393
COG2008	0.59393
COG1044	0.59393
COG0713	0.59393
COG4775	0.59348
COG0838	0.59303
COG1508	0.59280
COG0559	0.59258
COG3177	0.59168
COG0381	0.59168
COG4977	0.59145
COG4177	0.59145
COG4172	0.59145
COG1296	0.59055
COG1032	0.59055
COG1452	0.59033
COG1879	0.58988
COG1737	0.58988
COG1585	0.58920
COG5000	0.58830
COG1840	0.58830
COG0767	0.58830
COG0647	0.58695
COG1464	0.58650
COG0840	0.58560
COG1561	0.58493
COG1414	0.58493
COG0826	0.58470
COG0836	0.58403
COG0545	0.58268
COG1134	0.58245
COG1262	0.58223
COG2011	0.58200
COG0795	0.58043
COG1506	0.57998
COG1514	0.57975
COG1176	0.57975
COG1137	0.57930
COG1360	0.57908
COG1995	0.57885
COG1682	0.57840
COG2887	0.57818
COG0686	0.57818
COG1523	0.57795
COG1937	0.57750
COG1127	0.57728
COG2062	0.57705
COG1277	0.57705
COG1359	0.57503
COG1191	0.57480
COG0670	0.57458
COG0811	0.57413
COG1566	0.57390
COG1321	0.57390
COG0464	0.57278
COG1994	0.57188
COG1484	0.57188
COG3012	0.57120
COG2021	0.57098
COG0405	0.57053
COG1893	0.57030
COG1914	0.57008
COG2261	0.56985
COG1648	0.56963
COG0425	0.56963
COG0370	0.56940
COG1357	0.56805
COG4589	0.56715
COG3153	0.56625
COG1022	0.56558
COG3023	0.56513
COG1246	0.56490
COG0818	0.56445
COG0132	0.56400
COG0666	0.56378
COG2038	0.56355
COG0122	0.56355
COG0471	0.56265
COG0400	0.56265
COG0579	0.56243
COG2096	0.56175
COG0421	0.56175
COG2133	0.56153
COG1020	0.56153
COG2326	0.56130
COG0848	0.56085
COG0349	0.56040
COG2132	0.56018
COG0603	0.56018
COG0853	0.55996
COG3022	0.55973
COG0385	0.55883
COG1435	0.55748
COG3383	0.55658
COG2065	0.55658
COG0732	0.55636
COG1366	0.55568
COG0448	0.55568
COG3829	0.55456
COG0368	0.55433
COG1290	0.55388
COG2931	0.55366
COG0428	0.55366
COG0696	0.55343
COG0415	0.55298
COG2169	0.55208
COG1716	0.55208
COG0538	0.55163
COG0412	0.55141
COG1043	0.55096
COG0259	0.55096
COG2153	0.55006
COG2087	0.54893
COG3437	0.54871
COG1612	0.54848
COG3210	0.54758
COG2813	0.54713
COG1075	0.54668
COG2208	0.54601
COG2146	0.54601
COG1652	0.54601
COG1643	0.54601
COG0083	0.54601
COG3209	0.54556
COG3832	0.54511
COG2128	0.54511
COG0790	0.54511
COG1432	0.54488
COG0411	0.54466
COG1413	0.54443
COG0738	0.54421
COG0398	0.54376
COG0123	0.54353
COG1178	0.54263
COG1838	0.54241
COG1254	0.54218
COG1951	0.54196
COG0780	0.54173
COG0716	0.54151
COG1285	0.54083
COG0788	0.53948
COG4932	0.53926
COG2350	0.53926
COG0774	0.53903
COG2855	0.53836
COG0763	0.53791
COG1942	0.53746
COG2353	0.53723
COG2352	0.53723
COG1640	0.53723
COG1064	0.53656
COG0354	0.53476
COG0017	0.53476
COG1764	0.53341
COG2518	0.53273
COG3250	0.53228
COG0213	0.53228
COG4783	0.53138
COG0618	0.53093
COG5405	0.53071
COG1524	0.53071
COG1220	0.52981
COG0677	0.52981
COG3631	0.52913
COG0075	0.52913
COG1115	0.52868
COG0384	0.52846
COG2816	0.52823
COG0270	0.52801
COG2201	0.52733
COG1678	0.52733
COG1729	0.52688
COG1270	0.52688
COG0753	0.52508
COG2198	0.52486
COG0588	0.52486
COG0160	0.52373
COG2059	0.52351
COG1352	0.52351
COG1212	0.52283
COG0622	0.52238
COG0615	0.52216
COG0610	0.52216
COG0455	0.52193
COG2009	0.52148
COG1533	0.52081
COG0575	0.52058
COG2340	0.52013
COG1492	0.51991
COG2303	0.51969
COG2200	0.51969
COG0120	0.51969
COG2877	0.51856
COG1929	0.51856
COG4105	0.51834
COG1482	0.51834
COG2041	0.51811
COG5009	0.51789
COG1251	0.51744
COG1541	0.51631
COG1268	0.51609
COG2761	0.51541
COG2135	0.51406
COG0633	0.51339
COG3311	0.51316
COG3547	0.51249
COG2329	0.51136
COG1105	0.51069
COG2071	0.51001
COG0339	0.50934
COG3386	0.50844
COG1574	0.50844
COG1512	0.50844
COG0378	0.50844
COG2972	0.50709
COG1526	0.50709
COG1256	0.50641
COG1377	0.50506
COG0312	0.50484
COG0348	0.50416
COG0785	0.50394
COG1744	0.50371
COG1918	0.50259
COG3637	0.50191
COG3850	0.50056
COG1663	0.50034
COG2120	0.50011
COG2109	0.50011
COG4886	0.49989
COG2740	0.49944
COG0651	0.49944
COG1391	0.49854
COG1368	0.49809
COG2095	0.49786
COG2057	0.49786
COG1596	0.49786
COG0529	0.49786
COG2110	0.49741
COG1788	0.49719
COG1725	0.49651
COG2844	0.49629
COG0643	0.49606
COG1145	0.49516
COG1984	0.49426
COG1816	0.49359
COG1633	0.49359
COG1519	0.49336
COG0835	0.49291
COG1461	0.49269
COG1438	0.49201
COG0391	0.49179
COG2154	0.49156
COG1034	0.49134
COG2895	0.49111
COG1983	0.49111
COG0854	0.49111
COG0241	0.49089
COG1193	0.49021
COG3173	0.48999
COG1232	0.48931
COG2274	0.48886
COG2195	0.48864
COG2049	0.48864
COG3845	0.48841
COG1233	0.48841
COG2027	0.48796
COG2856	0.48751
COG0797	0.48751
COG1837	0.48706
COG2891	0.48639
COG3119	0.48616
COG2867	0.48616
COG2172	0.48571
COG1062	0.48571
COG1180	0.48526
COG0362	0.48526
COG1562	0.48436
COG2827	0.48414
COG0859	0.48414
COG2367	0.48391
COG3655	0.48369
COG0153	0.48324
COG2346	0.48211
COG2176	0.48166
COG1842	0.48166
COG3290	0.48099
COG1975	0.48076
COG2986	0.48031
COG2114	0.48031
COG1999	0.48009
COG1748	0.48009
COG1090	0.47987
COG0827	0.47919
COG0674	0.47897
COG1054	0.47874
COG2905	0.47829
COG1172	0.47784
COG1079	0.47784
COG1013	0.47784
COG1886	0.47739
COG1387	0.47739
COG1157	0.47739
COG2206	0.47717
COG3505	0.47694
COG4962	0.47672
COG1732	0.47672
COG4603	0.47627
COG0432	0.47627
COG1168	0.47604
COG4771	0.47559
COG4733	0.47559
COG1923	0.47492
COG2242	0.47469
COG2759	0.47447
COG1694	0.47447
COG3291	0.47424
COG2723	0.47402
COG2377	0.47402
COG1866	0.47379
COG1847	0.47357
COG1766	0.47334
COG1536	0.47312
COG1525	0.47312
COG2610	0.47289
COG1540	0.47267
COG1174	0.47267
COG2815	0.47244
COG2301	0.47177
COG1619	0.47177
COG2807	0.47087
COG2355	0.47087
COG1344	0.47042
COG1338	0.47042
COG2159	0.46997
COG1575	0.46997
COG2894	0.46974
COG1298	0.46974
COG2373	0.46952
COG2258	0.46929
COG2337	0.46817
COG1684	0.46817
COG1284	0.46772
COG2360	0.46682
COG1806	0.46682
COG4786	0.46659
COG1317	0.46659
COG1987	0.46614
COG1291	0.46614
COG1558	0.46592
COG1868	0.46547
COG1843	0.46547
COG3239	0.46524
COG1493	0.46479
COG1316	0.46479
COG1957	0.46434
COG1815	0.46434
COG1668	0.46434
COG2835	0.46412
COG1112	0.46389
COG3707	0.46367
COG2080	0.46367
COG1738	0.46367
COG2962	0.46322
COG1677	0.46322
COG2825	0.46299
COG2388	0.46299
COG1804	0.46277
COG2501	0.46254
COG1125	0.46254
COG2982	0.46232
COG5492	0.46187
COG1164	0.46187
COG1534	0.46097
COG2249	0.46074
COG1529	0.46052
COG2225	0.45984
COG4251	0.45962
COG1797	0.45894
COG3705	0.45804
COG2966	0.45782
COG1179	0.45782
COG1828	0.45759
COG3288	0.45669
COG1283	0.45669
COG1282	0.45669
COG0727	0.45669
COG1943	0.45624
COG1832	0.45557
COG1966	0.45467
COG2091	0.45287
COG2374	0.45219
COG3127	0.45197
COG2968	0.45129
COG1666	0.45129
COG2824	0.45062
COG0397	0.45062
COG2202	0.44972
COG2391	0.44882
COG1934	0.44882
COG2951	0.44859
COG1201	0.44837
COG1793	0.44814
COG2072	0.44679
COG1236	0.44612
COG0850	0.44612
COG4988	0.44589
COG1801	0.44589
COG1397	0.44589
COG0437	0.44567
COG2513	0.44522
COG2189	0.44477
COG1956	0.44477
COG1878	0.44454
COG2908	0.44432
COG4147	0.44409
COG2987	0.44387
COG2068	0.44387
COG2315	0.44364
COG3610	0.44342
COG0648	0.44342
COG3852	0.44297
COG0076	0.44297
COG0530	0.44252
COG1494	0.44162
COG1799	0.44139
COG4232	0.44049
COG3203	0.44027
COG3264	0.43960
COG2067	0.43825
COG2764	0.43780
COG0246	0.43735
COG0684	0.43690
COG2270	0.43667
COG2166	0.43667
COG2142	0.43667
COG1773	0.43667
COG1749	0.43645
COG4965	0.43577
COG1778	0.43577
COG3695	0.43555
COG0798	0.43510
COG3237	0.43465
COG3221	0.43465
COG1621	0.43465
COG3182	0.43442
COG2161	0.43442
COG1982	0.43307
COG0095	0.43285
COG1881	0.43262
COG1922	0.43195
COG3185	0.43150
COG4319	0.43060
COG1292	0.43060
COG2064	0.42992
COG1481	0.42947
COG2165	0.42925
COG1876	0.42902
COG1328	0.42902
COG1139	0.42902
COG3682	0.42880
COG2609	0.42835
COG4106	0.42812
COG1218	0.42790
COG2020	0.42745
COG2706	0.42632
COG1329	0.42632
COG2124	0.42610
COG2077	0.42610
COG2131	0.42542
COG2185	0.42520
COG0701	0.42520
COG0510	0.42520
COG4206	0.42497
COG1485	0.42407
COG0043	0.42407
COG1624	0.42295
COG1896	0.42250
COG3004	0.42227
COG3039	0.42205
COG5662	0.42182
COG0393	0.42115
COG0163	0.42115
COG2082	0.42092
COG3595	0.42002
COG3451	0.41980
COG2913	0.41980
COG1580	0.41935
COG1006	0.41912
COG2241	0.41890
COG2805	0.41867
COG1495	0.41867
COG3247	0.41845
COG3104	0.41845
COG1345	0.41845
COG3011	0.41687
COG1814	0.41642
COG5434	0.41552
COG3144	0.41552
COG1875	0.41530
COG0625	0.41530
COG2875	0.41485
COG2866	0.41462
COG1671	0.41417
COG1884	0.41372
COG3344	0.41260
COG0565	0.41192
COG3599	0.41170
COG1267	0.41170
COG1392	0.41147
COG1518	0.41057
COG1047	0.41057
COG1182	0.41012
COG2318	0.40990
COG3757	0.40967
COG1346	0.40967
COG1010	0.40945
COG2193	0.40855
COG2234	0.40765
COG3093	0.40742
COG3063	0.40720
COG3408	0.40697
COG0722	0.40697
COG1307	0.40675
COG0733	0.40652
COG4447	0.40630
COG3550	0.40607
COG1564	0.40607
COG0408	0.40517
COG1479	0.40495
COG2116	0.40472
COG0699	0.40360
COG0279	0.40315
COG4638	0.40292
COG2243	0.40292
COG3576	0.40225
COG1380	0.40225
COG0423	0.40225
COG2321	0.40180
COG1863	0.40157
COG1113	0.40157
COG3145	0.40090
COG2344	0.40090
COG1950	0.40067
COG0301	0.40022
COG3176	0.39888
COG2214	0.39888
COG2094	0.39888
COG1320	0.39798
COG3663	0.39753
COG2847	0.39753
COG2327	0.39753
COG1696	0.39753
COG1331	0.39753
COG1289	0.39708
COG2843	0.39663
COG0729	0.39618
COG2111	0.39550
COG1672	0.39550
COG1027	0.39550
COG1263	0.39393
COG3420	0.39325
COG3147	0.39303
COG1238	0.39303
COG2865	0.39258
COG1638	0.39235
COG3030	0.39213
COG0369	0.39213
COG1457	0.39190
COG3193	0.39100
COG2190	0.39078
COG1264	0.39078
COG3467	0.39010
COG1293	0.38988
COG2770	0.38943
COG0376	0.38920
COG3387	0.38898
COG2363	0.38898
COG1169	0.38898
COG1119	0.38853
COG1261	0.38830
COG1042	0.38785
COG4972	0.38763
COG3000	0.38763
COG3115	0.38695
COG1981	0.38650
COG0278	0.38560
COG2103	0.38538
COG3619	0.38515
COG2224	0.38470
COG2345	0.38448
COG1161	0.38448
COG2802	0.38335
COG1757	0.38335
COG1593	0.38290
COG1516	0.38245
COG2390	0.38200
COG1299	0.38200
COG3201	0.38178
COG2182	0.38155
COG3339	0.38110
COG1708	0.38110
COG3920	0.38088
COG2308	0.38088
COG1302	0.38065
COG1988	0.38043
COG0293	0.38043
COG1949	0.37998
COG3384	0.37953
COG3428	0.37930
COG1946	0.37930
COG2236	0.37908
COG2060	0.37908
COG2893	0.37863
COG1794	0.37840
COG1556	0.37840
COG2936	0.37818
COG1705	0.37818
COG1445	0.37795
COG2823	0.37773
COG2105	0.37705
COG2268	0.37683
COG2156	0.37683
COG2840	0.37660
COG2099	0.37660
COG2212	0.37638
COG1874	0.37638
COG2216	0.37615
COG2066	0.37615
COG1089	0.37593
COG1897	0.37525
COG0271	0.37525
COG1664	0.37503
COG0447	0.37503
COG2876	0.37480
COG1319	0.37458
COG4581	0.37435
COG0033	0.37435
COG2357	0.37413
COG1017	0.37345
COG3088	0.37300
COG4987	0.37233
COG2365	0.37188
COG3328	0.37165
COG1579	0.37143
COG1076	0.37053
COG1620	0.36985
COG0427	0.36985
COG3346	0.36963
COG3324	0.36940
COG1279	0.36940
COG3808	0.36918
COG2957	0.36895
COG1509	0.36895
COG0851	0.36895
COG1501	0.36850
COG1333	0.36828
COG2996	0.36805
COG1363	0.36760
COG0182	0.36760
COG3620	0.36738
COG0863	0.36738
COG3187	0.36715
COG3591	0.36648
COG2423	0.36603
COG2314	0.36603
COG1443	0.36603
COG1952	0.36513
COG1015	0.36513
COG2878	0.36490
COG2323	0.36490
COG1703	0.36490
COG0641	0.36490
COG1774	0.36468
COG0645	0.36423
COG5512	0.36355
COG2113	0.36288
COG4121	0.36265
COG3142	0.36265
COG1206	0.36243
COG2837	0.36198
COG3468	0.36175
COG2932	0.36130
COG2509	0.36130
COG1882	0.36108
COG4912	0.36085
COG2971	0.36085
COG0709	0.36085
COG0121	0.36040
COG3021	0.36018
COG0158	0.36018
COG1165	0.35883
COG3211	0.35816
COG2984	0.35816
COG3146	0.35591
COG2870	0.35568
COG1554	0.35568
COG3608	0.35523
COG3590	0.35501
COG1141	0.35478
COG5652	0.35456
COG5340	0.35456
COG1487	0.35411
COG0380	0.35388
COG3464	0.35343
COG2358	0.35321
COG1770	0.35321
COG2309	0.35276
COG4773	0.35186
COG2138	0.35186
COG3958	0.35163
COG2032	0.35141
COG1803	0.35141
COG3959	0.35028
COG3764	0.35028
COG2909	0.34983
COG3265	0.34961
COG1072	0.34938
COG1565	0.34916
COG0813	0.34916
COG0804	0.34893
COG0831	0.34848
COG3191	0.34803
COG1138	0.34758
COG3178	0.34713
COG1528	0.34713
COG4129	0.34691
COG0555	0.34668
COG4856	0.34601
COG2898	0.34601
COG2332	0.34601
COG1273	0.34578
COG0832	0.34578
COG4991	0.34533
COG3745	0.34511
COG0145	0.34466
COG4658	0.34443
COG3200	0.34376
COG2981	0.34376
COG2002	0.34376
COG1819	0.34376
COG0435	0.34376
COG0426	0.34376
COG0338	0.34376
COG2130	0.34353
COG0490	0.34331
COG1231	0.34308
COG5416	0.34263
COG3090	0.34263
COG1654	0.34196
COG3677	0.34173
COG3255	0.34173
COG4176	0.34128
COG4175	0.34128
COG0011	0.34128
COG1361	0.34106
COG2386	0.34083
COG1551	0.34083
COG0830	0.34083
COG0672	0.34061
COG3668	0.33948
COG1002	0.33948
COG0829	0.33948
COG2508	0.33903
COG3708	0.33881
COG3103	0.33881
COG2145	0.33858
COG2730	0.33813
COG1690	0.33813
COG3525	0.33791
COG0214	0.33791
COG3038	0.33768
COG5285	0.33701
COG1203	0.33701
COG3951	0.33656
COG3284	0.33656
COG3117	0.33656
COG5373	0.33633
COG2013	0.33633
COG3830	0.33611
COG3616	0.33611
COG2944	0.33611
COG3190	0.33566
COG2927	0.33543
COG3385	0.33431
COG3696	0.33386
COG1763	0.33386
COG2376	0.33341
COG2356	0.33318
COG1706	0.33296
COG4372	0.33251
COG0551	0.33251
COG1429	0.33228
COG2273	0.33206
COG2850	0.33116
COG2771	0.33093
COG3540	0.33071
COG3152	0.33071
COG3275	0.33048
COG2063	0.33048
COG2240	0.33026
COG1430	0.33026
COG2515	0.33003
COG3345	0.32981
COG3166	0.32981
COG2938	0.32981
COG5607	0.32958
COG1713	0.32958
COG0857	0.32936
COG4584	0.32913
COG1785	0.32846
COG0819	0.32846
COG3263	0.32823
COG1114	0.32801
COG1085	0.32778
COG4625	0.32756
COG2372	0.32756
COG3485	0.32733
COG1854	0.32733
COG0680	0.32733
COG0027	0.32733
COG0309	0.32666
COG1877	0.32598
COG1754	0.32598
COG3189	0.32576
COG2440	0.32576
COG1489	0.32553
COG3415	0.32531
COG3634	0.32508
COG1358	0.32486
COG3158	0.32463
COG1450	0.32441
COG2960	0.32418
COG3278	0.32328
COG2331	0.32328
COG2307	0.32328
COG3871	0.32306
COG3572	0.32306
COG1979	0.32306
COG2607	0.32283
COG1586	0.32238
COG5495	0.32193
COG2832	0.32103
COG2967	0.32036
COG3638	0.32013
COG2838	0.31991
COG3427	0.31969
COG4235	0.31834
COG1402	0.31834
COG1692	0.31811
COG3639	0.31789
COG1419	0.31676
COG1033	0.31631
COG1858	0.31609
COG3217	0.31519
COG3212	0.31496
COG2366	0.31496
COG1613	0.31496
COG2335	0.31429
COG2947	0.31406
COG4695	0.31384
COG3622	0.31384
COG2519	0.31384
COG1362	0.31384
COG1030	0.31361
COG4774	0.31316
COG2902	0.31294
COG2115	0.31294
COG1227	0.31294
COG1598	0.31271
COG1373	0.31271
COG2073	0.31226
COG3508	0.31204
COG1038	0.31204
COG3618	0.31181
COG2820	0.31181
COG4409	0.31159
COG2375	0.31136
COG4249	0.31114
COG1470	0.31114
COG0311	0.31114
COG2351	0.31091
COG3001	0.31046
COG1351	0.31024
COG1647	0.31001
COG0748	0.31001
COG2170	0.30956
COG2945	0.30911
COG3214	0.30866
COG4961	0.30799
COG4096	0.30776
COG2917	0.30754
COG3285	0.30731
COG2852	0.30709
COG2026	0.30709
COG5343	0.30641
COG1834	0.30641
COG4181	0.30619
COG1972	0.30619
COG4970	0.30596
COG4223	0.30574
COG2222	0.30551
COG3544	0.30529
COG2826	0.30461
COG3585	0.30439
COG1242	0.30394
COG3238	0.30371
COG1300	0.30371
COG2733	0.30349
COG0837	0.30349
COG1720	0.30326
COG4148	0.30281
COG4653	0.30259
COG4772	0.30214
COG3865	0.30214
COG3794	0.30191
COG2961	0.30191
COG2194	0.30191
COG1275	0.30169
COG4715	0.30146
COG0371	0.30146
COG0562	0.30034
COG3481	0.30011
COG2721	0.30011
COG1887	0.29944
COG3091	0.29921
COG2853	0.29921
COG3835	0.29876
COG3181	0.29876
COG2089	0.29876
COG3843	0.29831
COG3507	0.29831
COG2319	0.29831
COG2079	0.29831
COG2857	0.29809
COG4796	0.29786
COG1683	0.29786
COG1276	0.29786
COG1259	0.29786
COG4152	0.29764
COG2906	0.29764
COG1442	0.29764
COG1239	0.29764
COG1813	0.29741
COG1971	0.29651
COG2854	0.29629
COG2175	0.29629
COG2819	0.29606
COG3593	0.29584
COG4656	0.29539
COG2993	0.29494
COG3973	0.29449
COG0390	0.29449
COG3047	0.29426
COG4430	0.29404
COG3195	0.29404
COG1118	0.29359
COG3791	0.29314
COG4208	0.29291
COG3501	0.29291
COG3654	0.29246
COG4188	0.29156
COG3935	0.29156
COG5283	0.29134
COG2935	0.29111
COG4659	0.29089
COG1398	0.29066
COG4392	0.29044
COG3861	0.29044
COG2928	0.29044
COG2382	0.29021
COG2311	0.28976
COG1657	0.28976
COG4230	0.28954
COG1078	0.28931
COG4753	0.28886
COG1023	0.28886
COG3971	0.28864
COG5016	0.28841
COG4231	0.28841
COG1742	0.28841
COG1649	0.28841
COG3378	0.28819
COG3070	0.28819
COG3480	0.28796
COG3509	0.28774
COG2119	0.28729
COG5401	0.28684
COG4637	0.28661
COG3491	0.28639
COG3688	0.28616
COG3396	0.28616
COG2272	0.28594
COG2055	0.28549
COG1505	0.28549
COG1324	0.28549
COG4222	0.28526
COG3326	0.28526
COG3577	0.28504
COG2173	0.28481
COG1903	0.28481
COG5470	0.28391
COG4552	0.28391
COG3333	0.28324
COG0833	0.28324
COG3411	0.28279
COG3605	0.28256
COG2364	0.28211
COG4805	0.28189
COG2921	0.28189
COG3164	0.28166
COG2976	0.28166
COG3293	0.28121
COG2738	0.28121
COG2718	0.28121
COG3703	0.28099
COG3243	0.28054
COG1872	0.28054
COG4767	0.28031
COG1205	0.28031
COG3162	0.28009
COG3583	0.27987
COG3448	0.27987
COG2882	0.27964
COG2005	0.27919
COG1871	0.27919
COG2354	0.27874
COG3957	0.27852
COG2910	0.27852
COG3751	0.27829
COG3271	0.27829
COG3304	0.27762
COG2348	0.27762
COG2384	0.27739
COG3857	0.27694
COG2747	0.27694
COG2385	0.27694
COG1921	0.27672
COG4198	0.27649
COG2302	0.27604
COG4213	0.27559
COG3267	0.27514
COG1592	0.27514
COG4133	0.27492
COG2181	0.27492
COG3836	0.27469
COG3216	0.27424
COG4395	0.27402
COG0418	0.27402
COG4485	0.27379
COG3225	0.27379
COG4963	0.27357
COG2821	0.27357
COG3824	0.27334
COG2040	0.27334
COG1448	0.27334
COG1067	0.27334
COG3340	0.27312
COG3024	0.27312
COG3712	0.27289
COG4667	0.27267
COG2253	0.27267
COG3442	0.27222
COG3336	0.27222
COG1310	0.27222
COG1001	0.27222
COG3034	0.27109
COG3071	0.27087
COG2808	0.27064
COG4989	0.27019
COG1669	0.27019
COG4969	0.26997
COG2959	0.26997
COG2942	0.26997
COG3025	0.26974
COG3321	0.26952
COG1939	0.26952
COG4968	0.26929
COG4657	0.26929
COG1101	0.26929
COG4544	0.26907
COG3280	0.26907
COG2039	0.26907
COG0146	0.26862
COG4301	0.26839
COG2235	0.26772
COG1904	0.26772
COG3795	0.26749
COG4660	0.26637
COG1572	0.26637
COG1830	0.26592
COG1049	0.26569
COG3315	0.26547
COG3108	0.26547
COG4120	0.26524
COG0375	0.26457
COG2846	0.26389
COG1944	0.26389
COG0864	0.26367
COG0700	0.26344
COG1428	0.26322
COG4214	0.26277
COG5295	0.26254
COG2831	0.26254
COG0003	0.26254
COG0675	0.26232
COG0678	0.26209
COG3197	0.26187
COG2983	0.26187
COG2371	0.26187
COG4967	0.26164
COG4531	0.26142
COG0429	0.26142
COG2339	0.26119
COG1629	0.26119
COG0409	0.26097
COG4758	0.26074
COG0310	0.26074
COG4626	0.26052
COG3246	0.26052
COG0068	0.26029
COG3542	0.25962
COG2370	0.25962
COG0298	0.25962
COG3395	0.25939
COG2863	0.25917
COG3844	0.25849
COG1060	0.25849
COG4536	0.25804
COG3180	0.25804
COG1873	0.25782
COG3711	0.25759
COG3040	0.25759
COG5006	0.25692
COG4420	0.25692
COG3773	0.25692
COG2956	0.25692
COG2954	0.25692
COG4565	0.25669
COG1636	0.25669
COG4632	0.25624
COG4978	0.25579
COG1480	0.25579
COG5263	0.25557
COG1446	0.25557
COG5010	0.25534
COG3335	0.25534
COG2739	0.25534
COG5278	0.25512
COG2900	0.25489
COG2836	0.25489
COG3629	0.25467
COG2320	0.25422
COG3797	0.25354
COG3476	0.25332
COG2257	0.25332
COG3393	0.25309
COG3125	0.25264
COG1274	0.25242
COG3853	0.25219
COG2717	0.25197
COG1637	0.25174
COG3161	0.25152
COG1330	0.25152
COG2766	0.25062
COG2719	0.25062
COG3081	0.24972
COG1106	0.24949
COG0549	0.24949
COG4219	0.24927
COG3975	0.24927
COG3944	0.24927
COG1083	0.24927
COG3292	0.24904
COG4768	0.24882
COG2179	0.24882
COG0467	0.24882
COG0387	0.24882
COG1615	0.24837
COG0023	0.24837
COG3483	0.24792
COG4976	0.24769
COG3137	0.24747
COG3402	0.24724
COG2989	0.24702
COG3227	0.24679
COG1433	0.24679
COG0786	0.24679
COG1166	0.24657
COG2720	0.24589
COG2317	0.24567
COG3502	0.24477
COG3833	0.24454
COG1486	0.24454
COG2085	0.24432
COG4126	0.24409
COG2871	0.24409
COG2907	0.24364
COG2861	0.24364
COG5485	0.24342
COG2433	0.24342
COG1780	0.24342
COG3253	0.24319
COG1323	0.24319
COG5426	0.24297
COG2839	0.24274
COG4980	0.24252
COG4651	0.24229
COG3439	0.24229
COG4674	0.24207
COG3220	0.24162
COG4973	0.24094
COG1401	0.24094
COG3803	0.24049
COG5412	0.23982
COG2453	0.23982
COG2421	0.23982
COG2343	0.23982
COG1312	0.23982
COG1151	0.23982
COG5646	0.23960
COG4262	0.23937
COG5012	0.23915
COG1808	0.23915
COG4953	0.23892
COG3254	0.23870
COG3735	0.23825
COG0754	0.23802
COG4529	0.23780
COG2868	0.23780
COG1269	0.23780
COG5635	0.23757
COG3741	0.23667
COG3534	0.23667
COG3884	0.23555
COG3653	0.23555
COG4472	0.23510
COG3299	0.23510
COG3188	0.23510
COG4558	0.23487
COG3628	0.23487
COG3172	0.23465
COG1334	0.23465
COG3449	0.23442
COG2035	0.23442
COG5581	0.23420
COG1468	0.23420
COG3887	0.23375
COG3167	0.23330
COG1343	0.23330
COG3693	0.23285
COG2409	0.23285
COG2918	0.23240
COG4731	0.23217
COG4641	0.23217
COG3313	0.23217
COG4260	0.23195
COG3858	0.23195
COG1510	0.23195
COG3459	0.23150
COG1240	0.23150
COG3545	0.23105
COG3496	0.23037
COG2980	0.23037
COG2964	0.23037
COG2715	0.23015
COG1149	0.23015
COG2828	0.22992
COG2149	0.22992
COG1776	0.22992
COG3010	0.22970
COG3678	0.22947
COG3156	0.22947
COG5360	0.22902
COG4666	0.22880
COG3876	0.22880
COG1718	0.22880
COG4720	0.22835
COG3945	0.22835
COG3759	0.22812
COG3474	0.22812
COG2369	0.22812
COG4227	0.22767
COG5297	0.22745
COG3325	0.22745
COG5487	0.22722
COG3536	0.22722
COG1100	0.22722
COG5007	0.22700
COG3546	0.22632
COG4448	0.22610
COG3746	0.22610
COG3440	0.22542
COG4941	0.22520
COG2924	0.22520
COG3276	0.22497
COG1864	0.22497
COG4481	0.22475
COG3938	0.22475
COG3135	0.22475
COG4464	0.22452
COG3360	0.22452
COG3175	0.22430
COG3116	0.22430
COG2184	0.22430
COG1550	0.22430
COG4270	0.22407
COG3281	0.22407
COG5438	0.22340
COG3055	0.22340
COG3714	0.22295
COG3128	0.22295
COG1719	0.22295
COG0383	0.22295
COG2862	0.22272
COG3772	0.22227
COG4405	0.22205
COG3837	0.22182
COG3899	0.22137
COG5011	0.22115
COG4239	0.22115
COG3049	0.22115
COG5336	0.22092
COG5184	0.22092
COG1297	0.22092
COG5276	0.22070
COG3159	0.22070
COG3497	0.22002
COG4964	0.21980
COG5637	0.21957
COG2848	0.21957
COG2969	0.21935
COG3718	0.21890
COG2864	0.21867
COG2912	0.21845
COG2842	0.21845
COG2269	0.21845
COG3208	0.21822
COG4115	0.21777
COG1715	0.21777
COG3807	0.21732
COG3258	0.21732
COG3968	0.21710
COG4277	0.21665
COG3886	0.21642
COG3222	0.21642
COG4535	0.21620
COG4137	0.21620
COG5126	0.21597
COG4668	0.21597
COG3800	0.21597
COG3689	0.21597
COG3601	0.21597
COG4174	0.21575
COG2215	0.21575
COG1926	0.21575
COG4956	0.21552
COG3710	0.21552
COG3077	0.21552
COG5653	0.21530
COG3394	0.21507
COG1924	0.21507
COG3786	0.21440
COG4993	0.21417
COG4639	0.21395
COG4100	0.21395
COG3883	0.21395
COG3755	0.21395
COG5592	0.21372
COG5464	0.21372
COG4795	0.21350
COG1098	0.21350
COG4636	0.21327
COG3028	0.21327
COG2901	0.21327
COG5266	0.21305
COG2603	0.21305
COG1811	0.21305
COG5517	0.21260
COG3504	0.21260
COG4454	0.21237
COG3740	0.21237
COG4325	0.21215
COG3046	0.21215
COG4567	0.21192
COG3424	0.21192
COG3317	0.21192
COG1953	0.21192
COG3588	0.21147
COG1222	0.21147
COG5473	0.21125
COG3564	0.21125
COG5265	0.21102
COG3669	0.21102
COG1883	0.21080
COG1848	0.21080
COG4566	0.21057
COG2514	0.21057
COG3962	0.21035
COG4225	0.21012
COG3571	0.21012
COG3460	0.21012
COG3665	0.20990
COG2914	0.20990
COG1257	0.20990
COG1658	0.20945
COG2425	0.20900
COG2180	0.20855
COG3609	0.20787
COG3017	0.20787
COG5549	0.20765
COG3369	0.20765
COG3825	0.20697
COG4665	0.20675
COG1140	0.20675
COG3662	0.20652
COG1288	0.20607
COG4760	0.20585
COG3943	0.20562
COG3405	0.20562
COG5587	0.20517
COG4559	0.20495
COG3766	0.20472
COG1869	0.20472
COG4586	0.20427
COG4842	0.20405
COG3414	0.20382
COG2510	0.20382
COG3412	0.20360
COG3186	0.20360
COG2313	0.20360
COG1569	0.20360
COG4623	0.20337
COG3762	0.20315
COG3486	0.20315
COG1469	0.20315
COG1260	0.20315
COG3903	0.20292
COG4663	0.20270
COG2162	0.20270
COG5424	0.20247
COG3558	0.20247
COG1455	0.20247
COG4118	0.20225
COG4103	0.20202
COG3270	0.20202
COG3594	0.20180
COG4587	0.20157
COG3165	0.20157
COG2985	0.20157
COG4607	0.20135
COG3917	0.20135
COG3533	0.20135
COG0374	0.20135
COG4709	0.20112
COG3537	0.20112
COG4099	0.20045
COG1287	0.20022
COG3694	0.20000
COG3450	0.20000
COG5013	0.19978
COG0724	0.19978
COG4966	0.19955
COG3569	0.19955
COG3436	0.19955
COG1740	0.19955
COG3727	0.19933
COG2937	0.19933
COG3334	0.19910
COG2995	0.19910
COG2731	0.19910
COG3934	0.19888
COG0814	0.19843
COG3666	0.19820
COG3314	0.19798
COG5640	0.19775
COG4243	0.19775
COG3617	0.19775
COG4412	0.19753
COG3613	0.19753
COG3179	0.19753
COG4907	0.19730
COG4675	0.19730
COG4252	0.19730
COG3713	0.19730
COG3005	0.19730
COG2732	0.19730
COG2502	0.19730
COG1462	0.19730
COG2379	0.19685
COG2046	0.19685
COG4664	0.19663
COG4226	0.19663
COG3642	0.19663
COG2974	0.19640
COG3429	0.19618
COG4894	0.19595
COG1478	0.19595
COG2160	0.19573
COG1142	0.19573
COG3584	0.19550
COG2977	0.19550
COG3749	0.19528
COG3350	0.19528
COG1553	0.19528
COG4224	0.19505
COG4102	0.19505
COG1069	0.19505
COG3316	0.19460
COG4506	0.19438
COG4104	0.19415
COG3150	0.19415
COG3743	0.19393
COG1912	0.19393
COG4143	0.19370
COG1515	0.19370
COG4391	0.19348
COG4292	0.19348
COG4604	0.19303
COG3511	0.19280
COG4643	0.19258
COG3848	0.19258
COG4233	0.19235
COG2152	0.19190
COG4995	0.19168
COG4445	0.19168
COG3580	0.19168
COG2949	0.19168
COG4339	0.19145
COG4303	0.19145
COG4302	0.19145
COG3919	0.19145
COG3381	0.19145
COG3327	0.19123
COG0710	0.19123
COG4244	0.19100
COG3332	0.19100
COG1384	0.19100
COG1372	0.19078
COG4496	0.19055
COG3143	0.19033
COG2768	0.19033
COG1606	0.19033
COG2045	0.19010
COG3228	0.18965
COG3976	0.18943
COG4606	0.18920
COG3774	0.18920
COG1315	0.18898
COG3793	0.18853
COG5557	0.18830
COG4605	0.18830
COG3645	0.18830
COG4067	0.18808
COG3979	0.18763
COG3828	0.18763
COG1691	0.18763
COG1503	0.18763
COG4681	0.18740
COG3937	0.18718
COG3287	0.18718
COG3086	0.18718
COG4804	0.18695
COG4736	0.18695
COG3107	0.18695
COG2948	0.18695
COG2978	0.18673
COG2312	0.18673
COG3319	0.18650
COG2461	0.18650
COG1407	0.18650
COG5394	0.18628
COG0585	0.18628
COG2904	0.18605
COG1699	0.18605
COG1641	0.18605
COG1547	0.18605
COG5516	0.18583
COG3121	0.18583
COG5267	0.18560
COG4178	0.18560
COG4717	0.18538
COG3717	0.18538
COG3226	0.18515
COG2129	0.18515
COG4327	0.18493
COG3453	0.18493
COG3123	0.18470
COG3444	0.18403
COG4291	0.18380
COG3716	0.18380
COG3581	0.18380
COG3758	0.18335
COG3296	0.18335
COG3781	0.18313
COG1639	0.18313
COG3607	0.18268
COG3272	0.18268
COG4928	0.18245
COG3218	0.18245
COG4564	0.18223
COG4547	0.18223
COG3633	0.18223
COG2941	0.18223
COG3552	0.18200
COG3530	0.18200
COG3950	0.18155
COG3503	0.18155
COG3500	0.18155
COG3382	0.18155
COG3045	0.18155
COG1623	0.18155
COG1347	0.18155
COG2209	0.18133
COG3816	0.18110
COG2849	0.18088
COG3686	0.18043
COG3268	0.18043
COG3008	0.18043
COG3549	0.18020
COG4290	0.17998
COG4728	0.17975
COG4258	0.17975
COG3737	0.17975
COG3422	0.17975
COG5642	0.17930
COG4630	0.17930
COG1783	0.17930
COG4114	0.17908
COG2879	0.17908
COG2869	0.17908
COG4779	0.17863
COG4320	0.17863
COG1507	0.17863
COG3026	0.17795
COG2336	0.17795
COG3715	0.17773
COG3009	0.17773
COG2822	0.17773
COG4787	0.17750
COG4264	0.17750
COG3557	0.17750
COG4877	0.17728
COG4215	0.17728
COG4575	0.17705
COG2251	0.17705
COG2710	0.17683
COG2452	0.17683
COG3909	0.17638
COG1213	0.17638
COG5632	0.17615
COG4463	0.17615
COG2310	0.17593
COG1916	0.17593
COG4631	0.17570
COG4597	0.17570
COG3219	0.17570
COG3019	0.17570
COG2920	0.17570
COG1440	0.17570
COG3679	0.17548
COG2407	0.17548
COG3880	0.17525
COG5520	0.17503
COG4446	0.17503
COG4109	0.17480
COG3184	0.17480
COG1850	0.17480
COG1348	0.17458
COG3872	0.17435
COG2872	0.17435
COG1767	0.17435
COG2716	0.17413
COG3522	0.17390
COG1726	0.17390
COG3274	0.17345
COG2192	0.17345
COG0676	0.17345
COG4466	0.17323
COG4095	0.17323
COG3664	0.17323
COG3906	0.17255
COG3806	0.17255
COG2829	0.17255
COG1416	0.17255
COG3963	0.17233
COG3404	0.17233
COG5342	0.17188
COG4670	0.17188
COG3331	0.17165
COG3652	0.17143
COG3516	0.17143
COG1447	0.17143
COG3893	0.17120
COG3113	0.17120
COG4468	0.17098
COG3604	0.17098
COG1787	0.17098
COG4276	0.17075
COG4935	0.17053
COG4635	0.17030
COG3519	0.17030
COG3194	0.17030
COG2088	0.17030
COG3224	0.17008
COG2187	0.17008
COG3073	0.16985
COG4704	0.16963
COG3579	0.16963
COG2044	0.16963
COG5616	0.16940
COG3548	0.16940
COG4399	0.16918
COG1823	0.16895
COG1577	0.16895
COG4385	0.16873
COG4160	0.16873
COG4097	0.16873
COG3831	0.16873
COG3037	0.16873
COG1474	0.16873
COG4640	0.16850
COG2916	0.16828
COG5164	0.16783
COG4465	0.16783
COG5361	0.16715
COG5658	0.16670
COG4313	0.16648
COG1781	0.16648
COG2851	0.16603
COG2018	0.16603
COG3407	0.16580
COG3484	0.16558
COG5383	0.16535
COG3748	0.16535
COG3347	0.16535
COG4401	0.16513
COG3242	0.16513
COG3659	0.16490
COG3520	0.16490
COG3488	0.16490
COG3157	0.16490
COG1857	0.16490
COG4624	0.16468
COG4279	0.16468
COG3839	0.16468
COG3598	0.16468
COG3597	0.16468
COG3016	0.16468
COG5553	0.16445
COG4642	0.16445
COG3860	0.16445
COG3541	0.16445
COG3124	0.16445
COG1910	0.16445
COG5654	0.16400
COG4549	0.16400
COG4469	0.16400
COG3905	0.16400
COG3658	0.16400
COG3473	0.16400
COG4254	0.16378
COG3343	0.16378
COG3251	0.16378
COG3169	0.16378
COG1545	0.16378
COG1148	0.16378
COG3914	0.16355
COG2503	0.16355
COG1124	0.16355
COG3981	0.16333
COG3431	0.16333
COG3910	0.16288
COG2703	0.16288
COG5483	0.16265
COG4862	0.16243
COG3897	0.16243
COG1724	0.16243
COG3506	0.16220
COG2221	0.16220
COG2210	0.16198
COG3573	0.16175
COG3523	0.16175
COG3494	0.16175
COG5282	0.16153
COG2925	0.16153
COG5621	0.16130
COG4124	0.16130
COG3827	0.16130
COG4677	0.16108
COG3565	0.16108
COG2213	0.16108
COG2126	0.16108
COG0401	0.16108
COG4467	0.16063
COG3646	0.16063
COG3133	0.16063
COG3768	0.16040
COG3232	0.16040
COG2930	0.16018
COG4321	0.15996
COG3245	0.15996
COG5496	0.15973
COG1626	0.15973
COG5650	0.15951
COG4117	0.15951
COG2943	0.15951
COG5523	0.15928
COG4990	0.15928
COG3879	0.15928
COG3320	0.15928
COG4336	0.15906
COG3168	0.15906
COG2933	0.15883
COG3079	0.15861
COG2052	0.15861
COG4690	0.15816
COG4461	0.15816
COG4315	0.15816
COG4335	0.15793
COG5479	0.15748
COG4726	0.15748
COG4644	0.15748
COG3856	0.15748
COG3312	0.15748
COG3300	0.15748
COG3213	0.15748
COG1453	0.15748
COG3492	0.15726
COG3942	0.15703
COG3515	0.15703
COG3131	0.15703
COG3007	0.15703
COG4679	0.15681
COG3809	0.15681
COG4708	0.15658
COG3418	0.15658
COG2841	0.15658
COG3236	0.15636
COG1827	0.15636
COG4807	0.15613
COG3949	0.15613
COG2361	0.15613
COG0638	0.15613
COG4960	0.15591
COG4241	0.15591
COG4769	0.15568
COG3870	0.15568
COG1963	0.15546
COG1661	0.15546
COG0417	0.15546
COG3719	0.15523
COG3760	0.15501
COG3752	0.15478
COG2056	0.15478
COG5316	0.15411
COG2915	0.15388
COG3681	0.15366
COG1394	0.15366
COG5545	0.15343
COG3425	0.15343
COG1026	0.15298
COG5314	0.15276
COG4553	0.15276
COG3052	0.15276
COG4628	0.15231
COG3256	0.15231
COG3885	0.15208
COG1156	0.15208
COG5341	0.15186
COG4870	0.15186
COG5349	0.15163
COG1155	0.15141
COG4701	0.15118
COG4922	0.15096
COG2979	0.15073
COG2368	0.15073
COG2033	0.15073
COG3672	0.15051
COG3513	0.15051
COG1965	0.15051
COG3954	0.15028
COG3527	0.15028
COG3517	0.15028
COG3455	0.15028
COG4548	0.15006
COG4268	0.15006
COG3940	0.15006
COG3434	0.15006
COG3651	0.14983
COG3106	0.14983
COG4403	0.14961
COG1791	0.14961
COG4185	0.14938
COG3303	0.14938
COG5319	0.14916
COG3864	0.14916
COG3458	0.14916
COG1449	0.14916
COG1735	0.14893
COG4098	0.14871
COG3823	0.14871
COG3734	0.14871
COG3559	0.14871
COG3489	0.14848
COG3342	0.14848
COG1427	0.14848
COG4649	0.14826
COG3847	0.14803
COG5281	0.14736
COG3866	0.14736
COG4598	0.14713
COG3868	0.14691
COG5018	0.14668
COG4209	0.14668
COG1993	0.14646
COG5519	0.14623
COG4864	0.14623
COG2975	0.14623
COG3611	0.14601
COG2939	0.14601
COG4684	0.14578
COG4261	0.14556
COG3916	0.14556
COG3670	0.14556
COG1584	0.14556
COG1406	0.14556
COG1021	0.14556
COG4196	0.14533
COG3855	0.14533
COG3636	0.14533
COG3763	0.14511
COG3518	0.14511
COG3149	0.14511
COG3100	0.14511
COG4946	0.14488
COG4311	0.14488
COG3641	0.14488
COG1859	0.14466
COG5456	0.14443
COG3555	0.14443
COG1390	0.14443
COG4803	0.14421
COG3785	0.14421
COG3701	0.14421
COG4689	0.14398
COG3869	0.14398
COG3454	0.14376
COG4823	0.14353
COG3154	0.14353
COG4706	0.14331
COG2940	0.14331
COG2833	0.14331
COG3685	0.14308
COG5614	0.14286
COG4832	0.14286
COG4716	0.14286
COG4577	0.14286
COG4242	0.14286
COG3649	0.14286
COG2306	0.14286
COG2031	0.14286
COG4475	0.14263
COG3667	0.14263
COG1796	0.14263
COG3526	0.14241
COG3358	0.14241
COG4474	0.14218
COG3709	0.14173
COG5465	0.14151
COG4721	0.14151
COG4576	0.14151
COG3854	0.14151
COG5421	0.14128
COG5504	0.14106
COG4627	0.14083
COG3297	0.14083
COG1102	0.14083
COG4569	0.14061
COG3921	0.14038
COG4312	0.13993
COG4111	0.13993
COG3306	0.13993
COG4618	0.13971
COG3560	0.13948
COG3341	0.13926
COG2704	0.13926
COG3874	0.13903
COG3570	0.13903
COG2015	0.13903
COG5338	0.13881
COG3475	0.13881
COG3419	0.13858
COG4994	0.13836
COG5446	0.13813
COG4365	0.13813
COG4257	0.13813
COG3261	0.13813
COG1350	0.13813
COG3138	0.13791
COG4583	0.13768
COG3859	0.13768
COG3069	0.13768
COG3673	0.13746
COG4477	0.13723
COG3114	0.13723
COG2929	0.13723
COG1582	0.13723
COG5502	0.13701
COG4570	0.13701
COG3770	0.13701
COG3575	0.13701
COG3298	0.13701
COG4134	0.13678
COG3223	0.13656
COG5542	0.13633
COG5527	0.13633
COG5507	0.13633
COG4826	0.13633
COG3260	0.13611
COG3041	0.13611
COG2078	0.13611
COG3148	0.13588
COG1513	0.13588
COG1035	0.13588
COG0269	0.13588
COG5008	0.13566
COG4821	0.13566
COG4125	0.13566
COG2229	0.13566
COG5499	0.13543
COG3031	0.13543
COG5578	0.13521
COG3380	0.13521
COG1237	0.13521
COG2988	0.13498
COG2107	0.13476
COG5617	0.13431
COG5455	0.13431
COG4952	0.13431
COG4913	0.13431
COG5660	0.13386
COG4492	0.13386
COG3240	0.13341
COG2322	0.13318
COG5569	0.13296
COG4422	0.13296
COG3134	0.13273
COG4898	0.13251
COG4094	0.13251
COG2859	0.13251
COG4757	0.13228
COG5301	0.13206
COG5481	0.13183
COG2899	0.13183
COG2445	0.13183
COG3801	0.13161
COG3683	0.13161
COG3788	0.13138
COG4927	0.13071
COG4520	0.13071
COG0650	0.13071
COG3650	0.13048
COG5622	0.13026
COG5375	0.13026
COG4671	0.13026
COG3980	0.13026
COG5389	0.13003
COG4521	0.13003
COG3820	0.12981
COG3257	0.12981
COG3625	0.12958
COG3410	0.12958
COG2362	0.12958
COG3744	0.12936
COG3058	0.12936
COG2121	0.12936
COG3626	0.12913
COG3318	0.12913
COG2247	0.12913
COG1954	0.12913
COG1712	0.12913
COG5649	0.12891
COG4107	0.12891
COG3376	0.12891
COG2998	0.12891
COG1395	0.12891
COG4646	0.12868
COG1687	0.12868
COG5552	0.12846
COG5488	0.12846
COG4487	0.12846
COG3627	0.12846
COG3132	0.12846
COG3878	0.12801
COG4778	0.12778
COG3814	0.12778
COG3624	0.12778
COG3397	0.12778
COG3015	0.12778
COG2923	0.12778
COG3587	0.12756
COG4146	0.12733
COG3600	0.12733
COG3426	0.12733
COG3129	0.12733
COG2746	0.12733
COG5403	0.12711
COG4866	0.12711
COG3122	0.12711
COG4539	0.12688
COG3761	0.12688
COG5305	0.12666
COG4473	0.12666
COG4764	0.12643
COG4289	0.12643
COG3931	0.12643
COG3338	0.12643
COG5433	0.12621
COG4850	0.12621
COG4424	0.12621
COG4154	0.12621
COG4085	0.12621
COG3724	0.12621
COG4696	0.12598
COG4582	0.12598
COG4307	0.12598
COG3469	0.12598
COG3249	0.12598
COG3531	0.12576
COG3109	0.12553
COG2232	0.12553
COG3720	0.12531
COG2431	0.12531
COG1527	0.12531
COG3750	0.12508
COG5606	0.12486
COG3589	0.12486
COG5005	0.12441
COG3960	0.12441
COG3941	0.12441
COG3514	0.12441
COG5398	0.12418
COG3349	0.12418
COG3308	0.12418
COG3230	0.12396
COG4537	0.12373
COG1938	0.12373
COG4839	0.12351
COG3932	0.12351
COG3435	0.12351
COG4954	0.12328
COG4470	0.12328
COG3447	0.12328
COG4132	0.12306
COG5395	0.12283
COG4857	0.12283
COG4868	0.12261
COG4091	0.12261
COG3416	0.12261
COG4471	0.12238
COG2707	0.12238
COG1625	0.12238
COG3970	0.12216
COG2602	0.12216
COG4086	0.12193
COG3647	0.12193
COG5476	0.12171
COG3895	0.12171
COG2359	0.12171
COG3675	0.12148
COG2155	0.12148
COG5468	0.12103
COG4822	0.12103
COG3151	0.12103
COG1378	0.12103
COG3174	0.12081
COG4915	0.12058
COG4662	0.12058
COG3359	0.12036
COG2316	0.12036
COG1444	0.12036
COG5500	0.12013
COG1039	0.12013
COG3812	0.11991
COG3105	0.11991
COG4283	0.11969
COG3295	0.11969
COG3671	0.11946
COG4867	0.11924
COG4924	0.11901
COG3487	0.11901
COG1150	0.11901
COG5501	0.11879
COG5352	0.11879
COG4633	0.11856
COG4346	0.11834
COG3784	0.11834
COG3198	0.11789
COG4645	0.11766
COG4266	0.11766
COG3310	0.11766
COG3215	0.11766
COG2922	0.11766
COG1755	0.11766
COG5387	0.11744
COG4905	0.11744
COG3775	0.11744
COG1728	0.11744
COG4323	0.11721
COG4314	0.11721
COG4530	0.11699
COG3739	0.11699
COG3205	0.11699
COG3048	0.11699
COG1920	0.11699
COG1805	0.11699
COG1543	0.11699
COG5429	0.11676
COG5279	0.11676
COG4326	0.11676
COG3867	0.11676
COG3323	0.11654
COG5490	0.11631
COG4572	0.11631
COG3521	0.11631
COG1775	0.11631
COG4949	0.11609
COG4765	0.11609
COG4828	0.11586
COG4193	0.11586
COG2168	0.11586
COG0630	0.11586
COG4478	0.11564
COG3495	0.11564
COG3753	0.11541
COG3139	0.11519
COG4256	0.11496
COG1656	0.11496
COG4654	0.11474
COG4269	0.11474
COG3894	0.11474
COG5385	0.11451
COG3562	0.11451
COG4200	0.11429
COG3911	0.11429
COG5377	0.11406
COG3728	0.11406
COG2140	0.11406
COG4341	0.11384
COG3817	0.11384
COG3417	0.11384
COG4853	0.11361
COG4579	0.11361
COG2604	0.11361
COG5505	0.11316
COG4338	0.11316
COG1353	0.11316
COG4957	0.11294
COG5032	0.11271
COG4845	0.11271
COG3819	0.11271
COG5508	0.11226
COG4829	0.11226
COG3875	0.11226
COG3204	0.11204
COG3033	0.11204
COG1379	0.11204
COG5036	0.11181
COG3926	0.11181
COG3747	0.11159
COG2442	0.11159
COG5457	0.11136
COG5339	0.11114
COG4373	0.11114
COG3529	0.11114
COG4747	0.11091
COG3898	0.11091
COG3614	0.11091
COG5448	0.11069
COG4615	0.11069
COG4456	0.11069
COG3967	0.11069
COG3821	0.11069
COG5579	0.11046
COG4869	0.11046
COG3687	0.11046
COG3098	0.11046
COG5353	0.11024
COG4540	0.11024
COG1437	0.11001
COG3777	0.10979
COG3554	0.10979
COG1899	0.10979
COG5015	0.10956
COG4737	0.10956
COG4247	0.10956
COG3043	0.10956
COG5362	0.10934
COG4798	0.10934
COG3538	0.10934
COG3838	0.10889
COG4702	0.10866
COG4655	0.10866
COG3863	0.10866
COG0731	0.10866
COG5447	0.10844
COG5337	0.10821
COG4825	0.10821
COG3126	0.10821
COG3089	0.10821
COG4863	0.10799
COG5566	0.10776
COG4648	0.10776
COG3302	0.10776
COG2006	0.10776
COG5513	0.10754
COG3329	0.10754
COG1436	0.10754
COG4453	0.10731
COG5563	0.10709
COG5503	0.10709
COG4929	0.10709
COG3804	0.10709
COG3301	0.10709
COG5577	0.10686
COG3961	0.10686
COG3881	0.10664
COG5659	0.10641
COG5328	0.10641
COG4145	0.10619
COG2520	0.10619
COG2263	0.10619
COG5458	0.10596
COG5321	0.10596
COG4119	0.10596
COG3826	0.10596
COG1025	0.10596
COG4443	0.10574
COG4299	0.10574
COG2426	0.10551
COG1861	0.10551
COG3367	0.10529
COG3361	0.10529
COG5525	0.10506
COG3283	0.10506
COG2047	0.10506
COG5511	0.10484
COG4782	0.10484
COG4452	0.10484
COG5460	0.10461
COG5454	0.10461
COG4692	0.10461
COG4229	0.10461
COG4729	0.10416
COG4476	0.10394
COG4101	0.10394
COG2143	0.10394
COG4680	0.10349
COG3059	0.10349
COG2231	0.10349
COG4278	0.10326
COG3765	0.10326
COG1535	0.10326
COG4784	0.10304
COG1342	0.10304
COG3782	0.10259
COG3661	0.10259
COG2965	0.10259
COG1144	0.10259
COG2102	0.10236
COG1313	0.10236
COG3062	0.10191
COG4705	0.10169
COG3111	0.10169
COG2324	0.10169
COG1928	0.10169
COG4300	0.10146
COG3452	0.10146
COG4451	0.10124
COG4340	0.10124
COG3155	0.10124
COG5462	0.10101
COG4483	0.10101
COG4479	0.10101
COG4427	0.10101
COG4275	0.10101
COG4194	0.10101
COG4116	0.10101
COG3684	0.10101
COG3457	0.10101
COG4858	0.10079
COG4590	0.10056
COG4282	0.10056
COG3948	0.10056
COG3657	0.10056
COG3101	0.10056
COG4833	0.10034
COG1969	0.10034
COG5572	0.10011
COG3462	0.10011
COG1986	0.10011
COG5522	0.09989
COG3846	0.09989
COG4925	0.09966
COG3964	0.09966
COG3723	0.09966
COG3248	0.09966
COG3044	0.09966
COG1930	0.09966
COG3094	0.09921
COG3882	0.09899
COG3528	0.09899
COG3490	0.09899
COG4309	0.09876
COG3840	0.09876
COG3524	0.09876
COG4508	0.09831
COG5345	0.09809
COG2456	0.09809
COG3066	0.09786
COG3056	0.09786
COG1646	0.09786
COG5368	0.09764
COG4843	0.09764
COG3553	0.09764
COG4874	0.09741
COG3498	0.09741
COG5393	0.09719
COG4762	0.09719
COG4294	0.09719
COG3072	0.09719
COG2991	0.09674
COG3499	0.09651
COG3051	0.09651
COG5591	0.09629
COG4926	0.09629
COG4044	0.09629
COG3754	0.09629
COG1204	0.09629
COG4186	0.09584
COG1355	0.09584
COG5467	0.09561
COG3512	0.09561
COG3472	0.09561
COG4732	0.09516
COG4246	0.09516
COG3704	0.09516
COG3698	0.09516
COG3640	0.09516
COG5477	0.09494
COG4824	0.09494
COG3471	0.09494
COG5388	0.09471
COG3635	0.09471
COG3615	0.09471
COG5568	0.09449
COG4110	0.09449
COG3656	0.09449
COG3042	0.09449
COG1978	0.09449
COG4619	0.09404
COG1306	0.09404
COG5510	0.09381
COG4959	0.09381
COG3947	0.09381
COG4509	0.09359
COG3648	0.09359
COG3083	0.09359
COG1743	0.09359
COG4298	0.09336
COG4734	0.09314
COG3621	0.09314
COG3443	0.09314
COG1659	0.09314
COG3259	0.09291
COG4890	0.09269
COG3392	0.09269
COG4785	0.09246
COG4759	0.09246
COG4113	0.09246
COG3904	0.09246
COG3877	0.09246
COG3160	0.09246
COG3053	0.09246
COG1099	0.09246
COG5400	0.09224
COG3563	0.09224
COG5410	0.09201
COG3966	0.09201
COG5323	0.09179
COG3183	0.09179
COG1578	0.09179
COG5571	0.09156
COG3725	0.09156
COG4748	0.09134
COG3965	0.09134
COG1583	0.09134
COG1221	0.09089
COG5478	0.09066
COG5449	0.09066
COG5280	0.09066
COG4895	0.09066
COG4425	0.09066
COG4192	0.09066
COG4263	0.09044
COG4934	0.09021
COG3602	0.09021
COG2404	0.09021
COG2048	0.09021
COG4383	0.08999
COG3630	0.08999
COG3470	0.08999
COG3433	0.08999
COG5330	0.08976
COG4211	0.08976
COG2888	0.08976
COG5441	0.08954
COG3907	0.08954
COG3697	0.08954
COG3493	0.08954
COG3401	0.08954
COG4806	0.08931
COG4330	0.08931
COG1990	0.08931
COG4333	0.08909
COG3603	0.08909
COG4678	0.08886
COG4955	0.08864
COG2218	0.08864
COG5506	0.08819
COG3002	0.08819
COG1941	0.08819
COG4986	0.08796
COG3892	0.08796
COG4394	0.08774
COG4093	0.08774
COG3403	0.08751
COG5450	0.08729
COG4297	0.08729
COG4975	0.08684
COG4694	0.08661
COG3231	0.08661
COG4722	0.08639
COG3456	0.08639
COG3078	0.08639
COG4555	0.08616
COG4245	0.08616
COG3813	0.08616
COG3733	0.08616
COG3596	0.08616
COG3076	0.08594
COG1056	0.08594
COG5442	0.08571
COG4359	0.08571
COG3977	0.08549
COG3736	0.08549
COG1655	0.08549
COG4691	0.08526
COG3953	0.08526
COG4943	0.08504
COG4281	0.08459
COG4237	0.08459
COG3202	0.08459
COG5528	0.08436
COG5443	0.08436
COG4947	0.08436
COG3952	0.08436
COG3862	0.08436
COG5459	0.08414
COG4580	0.08414
COG2992	0.08414
COG1865	0.08391
COG5611	0.08369
COG4951	0.08369
COG4851	0.08369
COG2014	0.08369
COG1836	0.08369
COG4908	0.08346
COG4875	0.08346
COG3423	0.08346
COG2845	0.08346
COG2163	0.08346
COG1337	0.08346
COG0170	0.08346
COG5469	0.08324
COG4676	0.08324
COG3915	0.08324
COG3623	0.08324
COG3235	0.08324
COG1618	0.08324
COG5570	0.08301
COG5061	0.08301
COG4936	0.08301
COG4889	0.08301
COG3908	0.08301
COG3065	0.08301
COG4940	0.08279
COG3729	0.08279
COG3660	0.08279
COG3067	0.08279
COG2605	0.08279
COG5317	0.08256
COG3913	0.08256
COG3241	0.08256
COG2164	0.08256
COG5452	0.08234
COG4127	0.08234
COG4502	0.08211
COG1111	0.08211
COG5515	0.08189
COG4413	0.08189
COG3273	0.08189
COG3233	0.08166
COG3171	0.08144
COG3068	0.08144
COG5268	0.08121
COG4248	0.08121
COG5589	0.08076
COG4859	0.08076
COG3535	0.08076
COG3731	0.08054
COG0434	0.08054
COG3643	0.08031
COG3141	0.08031
COG5534	0.08009
COG5463	0.08009
COG4848	0.08009
COG4253	0.08009
COG3930	0.08009
COG5615	0.07987
COG4687	0.07942
COG4573	0.07942
COG3592	0.07942
COG3057	0.07942
COG5437	0.07919
COG1483	0.07919
COG4841	0.07897
COG1768	0.07897
COG5461	0.07874
COG4836	0.07874
COG4813	0.07874
COG5489	0.07852
COG5004	0.07852
COG4698	0.07852
COG4542	0.07852
COG3463	0.07852
COG5626	0.07829
COG4550	0.07829
COG3769	0.07829
COG2414	0.07829
COG3330	0.07807
COG3018	0.07807
COG1243	0.07807
COG4683	0.07762
COG1723	0.07762
COG5551	0.07717
COG5331	0.07717
COG4944	0.07717
COG5430	0.07694
COG4872	0.07694
COG4284	0.07694
COG3014	0.07694
COG4754	0.07672
COG3110	0.07672
COG4763	0.07649
COG4255	0.07649
COG3262	0.07649
COG3366	0.07627
COG4939	0.07582
COG4950	0.07559
COG4362	0.07559
COG4295	0.07559
COG4389	0.07537
COG3978	0.07537
COG5567	0.07514
COG5322	0.07514
COG4171	0.07514
COG3510	0.07514
COG3702	0.07492
COG4240	0.07469
COG2250	0.07469
COG2144	0.07469
COG3074	0.07447
COG3061	0.07447
COG3924	0.07424
COG4838	0.07402
COG3539	0.07402
COG2191	0.07402
COG4493	0.07357
COG5590	0.07334
COG4930	0.07312
COG4525	0.07312
COG2402	0.07312
COG5547	0.07289
COG4983	0.07289
COG4421	0.07289
COG1041	0.07289
COG2990	0.07267
COG1996	0.07267
COG4271	0.07244
COG4766	0.07222
COG1747	0.07199
COG5633	0.07177
COG5207	0.07154
COG4538	0.07154
COG2427	0.07154
COG4735	0.07109
COG4568	0.07109
COG4533	0.07109
COG4317	0.07109
COG3946	0.07109
COG4852	0.07087
COG4781	0.07087
COG3130	0.07087
COG5480	0.07064
COG4387	0.07042
COG3822	0.07042
COG5425	0.07019
COG4541	0.06997
COG5564	0.06974
COG4329	0.06974
COG3896	0.06974
COG1133	0.06952
COG3779	0.06929
COG1746	0.06929
COG1563	0.06929
COG3060	0.06907
COG4817	0.06884
COG3767	0.06884
COG4703	0.06862
COG4274	0.06862
COG3085	0.06862
COG5486	0.06839
COG4517	0.06839
COG4238	0.06839
COG3092	0.06839
COG4844	0.06817
COG5380	0.06794
COG4634	0.06794
COG2973	0.06794
COG5605	0.06772
COG4916	0.06772
COG3375	0.06772
COG4810	0.06749
COG3802	0.06749
COG3738	0.06749
COG1913	0.06727
COG5651	0.06704
COG5309	0.06704
COG3082	0.06704
COG4917	0.06682
COG3726	0.06682
COG5628	0.06659
COG5404	0.06659
COG3721	0.06659
COG5609	0.06637
COG4789	0.06637
COG4776	0.06637
COG3075	0.06637
COG5379	0.06614
COG4791	0.06614
COG3561	0.06614
COG3432	0.06614
COG5584	0.06592
COG5017	0.06592
COG4150	0.06592
COG3732	0.06592
COG3477	0.06592
COG2516	0.06592
COG5608	0.06569
COG3371	0.06569
COG4725	0.06547
COG4398	0.06547
COG2522	0.06547
COG4818	0.06524
COG5094	0.06502
COG2405	0.06502
COG1964	0.06502
COG5180	0.06479
COG4997	0.06479
COG3112	0.06479
COG1422	0.06479
COG4938	0.06457
COG4189	0.06457
COG5509	0.06434
COG4815	0.06434
COG3787	0.06434
COG2043	0.06434
COG4719	0.06412
COG4382	0.06412
COG3771	0.06412
COG3096	0.06412
COG4669	0.06389
COG4416	0.06389
COG3036	0.06389
COG4816	0.06367
COG4512	0.06367
COG4347	0.06367
COG3730	0.06367
COG4794	0.06344
COG4790	0.06344
COG3543	0.06344
COG5582	0.06322
COG5573	0.06322
COG5482	0.06322
COG3805	0.06322
COG5602	0.06299
COG4750	0.06277
COG3776	0.06277
COG3556	0.06277
COG3192	0.06254
COG1036	0.06232
COG5310	0.06209
COG4578	0.06209
COG5588	0.06187
COG4388	0.06187
COG3901	0.06187
COG3933	0.06142
COG5610	0.06119
COG4846	0.06119
COG4393	0.06119
COG5544	0.06097
COG5302	0.06097
COG4814	0.06097
COG4308	0.06097
COG5661	0.06074
COG5620	0.06074
COG3778	0.06074
COG5521	0.06052
COG4032	0.06052
COG5031	0.06029
COG4380	0.06029
COG3551	0.06029
COG3445	0.06029
COG3644	0.06007
COG5645	0.05984
COG4682	0.05984
COG4187	0.05984
COG3305	0.05984
COG5293	0.05962
COG3923	0.05962
COG4652	0.05939
COG4158	0.05939
COG1688	0.05939
COG1645	0.05917
COG4797	0.05894
COG4324	0.05894
COG3080	0.05894
COG5663	0.05849
COG5583	0.05849
COG5554	0.05849
COG3199	0.05849
COG3029	0.05849
COG3790	0.05827
COG1673	0.05827
COG5451	0.05804
COG4981	0.05804
COG4880	0.05804
COG4840	0.05804
COG4135	0.05782
COG3050	0.05782
COG2926	0.05782
COG2122	0.05782
COG5436	0.05759
COG5402	0.05759
COG1441	0.05759
COG5350	0.05692
COG5039	0.05692
COG4574	0.05692
COG4551	0.05692
COG4386	0.05692
COG4199	0.05692
COG3102	0.05692
COG5498	0.05669
COG4360	0.05669
COG3742	0.05669
COG4220	0.05647
COG1308	0.05647
COG4377	0.05602
COG3691	0.05602
COG3586	0.05602
COG1809	0.05602
COG4272	0.05579
COG1123	0.05579
COG5472	0.05557
COG4136	0.05534
COG5555	0.05512
COG3783	0.05512
COG1340	0.05512
COG1336	0.05512
COG3095	0.05489
COG4367	0.05467
COG4318	0.05467
COG3099	0.05467
COG5484	0.05422
COG4713	0.05422
COG4168	0.05399
COG3798	0.05399
COG3006	0.05399
COG4724	0.05354
COG5631	0.05332
COG5453	0.05332
COG1852	0.05332
COG5639	0.05309
COG5183	0.05309
COG4259	0.05309
COG5419	0.05287
COG3478	0.05287
COG2134	0.05287
COG4545	0.05264
COG3363	0.05242
COG1700	0.05242
COG4710	0.05219
COG3013	0.05219
COG4699	0.05197
COG4286	0.05197
COG1900	0.05197
COG5444	0.05174
COG4820	0.05174
COG4332	0.05174
COG1915	0.05174
COG1431	0.05174
COG5294	0.05152
COG4876	0.05152
COG1679	0.05152
COG4819	0.05107
COG3084	0.05107
COG4752	0.05084
COG4519	0.05084
COG3918	0.05084
COG3612	0.05084
COG3851	0.05062
COG4714	0.05039
COG1786	0.05039
COG5586	0.05017
COG4923	0.05017
COG4197	0.05017
COG3054	0.05017
COG3356	0.04994
COG1662	0.04994
COG5598	0.04972
COG4865	0.04972
COG4288	0.04972
COG3811	0.04972
COG2946	0.04972
COG1906	0.04972
COG1371	0.04972
COG5351	0.04927
COG4802	0.04927
COG4267	0.04927
COG1769	0.04927
COG1415	0.04904
COG4892	0.04882
COG1604	0.04882
COG1594	0.04882
COG4650	0.04859
COG3120	0.04859
COG1630	0.04859
COG4861	0.04814
COG3465	0.04814
COG4837	0.04769
COG1933	0.04747
COG5618	0.04724
COG4744	0.04724
COG3722	0.04724
COG3140	0.04724
COG5531	0.04702
COG4397	0.04702
COG5146	0.04679
COG4354	0.04679
COG2999	0.04679
COG5562	0.04657
COG4378	0.04657
COG3756	0.04657
COG3377	0.04657
COG1839	0.04657
COG4228	0.04634
COG4903	0.04612
COG4700	0.04612
COG3780	0.04612
COG4460	0.04589
COG4423	0.04589
COG2411	0.04589
COG4190	0.04567
COG3461	0.04567
COG5185	0.04544
COG4328	0.04544
COG3567	0.04544
COG3136	0.04544
COG1895	0.04544
COG4594	0.04522
COG2886	0.04522
COG2389	0.04522
COG5435	0.04499
COG1567	0.04499
COG1367	0.04499
COG4455	0.04477
COG2074	0.04477
COG4835	0.04454
COG4030	0.04454
COG1332	0.04454
COG4592	0.04432
COG1423	0.04432
COG4849	0.04409
COG4357	0.04409
COG4322	0.04409
COG4293	0.04387
COG5386	0.04342
COG4459	0.04342
COG4305	0.04297
COG3789	0.04297
COG3322	0.04297
COG5255	0.04274
COG4006	0.04274
COG1908	0.04274
COG5304	0.04252
COG5042	0.04252
COG2810	0.04252
COG4379	0.04229
COG4370	0.04229
COG4310	0.04229
COG3969	0.04229
COG5420	0.04184
COG0430	0.04184
COG3379	0.04139
COG4891	0.04117
COG2830	0.04117
COG4390	0.04094
COG3566	0.04094
COG5298	0.04072
COG4887	0.04049
COG4273	0.04049
COG3479	0.04049
COG5135	0.04027
COG4138	0.04027
COG3097	0.04027
COG5634	0.04004
COG5524	0.04004
COG4499	0.04004
COG4139	0.04004
COG4068	0.04004
COG5397	0.03960
COG4381	0.03960
COG5107	0.03937
COG4723	0.03915
COG4672	0.03915
COG4076	0.03915
COG5413	0.03892
COG4402	0.03892
COG4285	0.03870
COG4933	0.03847
COG2524	0.03847
COG4334	0.03825
COG5153	0.03802
COG1568	0.03802
COG1421	0.03802
COG4909	0.03780
COG4250	0.03780
COG4130	0.03780
COG3482	0.03780
COG4984	0.03757
COG4910	0.03757
COG4457	0.03757
COG5530	0.03735
COG4902	0.03735
COG4812	0.03735
COG4458	0.03735
COG4384	0.03735
COG1697	0.03735
COG5561	0.03712
COG3818	0.03690
COG5475	0.03622
COG4792	0.03622
COG5471	0.03600
COG5423	0.03600
COG4896	0.03600
COG4834	0.03600
COG4371	0.03600
COG1891	0.03577
COG5595	0.03555
COG4918	0.03555
COG5083	0.03532
COG1948	0.03532
COG5612	0.03510
COG4811	0.03510
COG4195	0.03510
COG1795	0.03487
COG4911	0.03465
COG3294	0.03442
COG1945	0.03442
COG1517	0.03420
COG4718	0.03397
COG4087	0.03397
COG4031	0.03397
COG3900	0.03397
COG1833	0.03397
COG5497	0.03375
COG5428	0.03375
COG4374	0.03375
COG3370	0.03375
COG1465	0.03375
COG4711	0.03352
COG2958	0.03352
COG2952	0.03352
COG5514	0.03330
COG4873	0.03330
COG2521	0.03285
COG2158	0.03285
COG4914	0.03262
COG4088	0.03240
COG3925	0.03240
COG2994	0.03240
COG4089	0.03217
COG4899	0.03195
COG4808	0.03195
COG3399	0.03195
COG3355	0.03195
COG4495	0.03172
COG5529	0.03150
COG5474	0.03150
COG3799	0.03150
COG5532	0.03127
COG1907	0.03105
COG4128	0.03060
COG4693	0.03037
COG3196	0.03037
COG1635	0.03037
COG1245	0.03037
COG2512	0.03015
COG5019	0.02992
COG4337	0.02992
COG2380	0.02992
COG3337	0.02970
COG2342	0.02970
COG2266	0.02970
COG1244	0.02970
COG4647	0.02947
COG1711	0.02925
COG1318	0.02925
COG5546	0.02902
COG4571	0.02902
COG4043	0.02902
COG3252	0.02902
COG2000	0.02880
COG2811	0.02857
COG4296	0.02835
COG4112	0.02812
COG3700	0.02812
COG2441	0.02812
COG1675	0.02812
COG3372	0.02790
COG4083	0.02767
COG1456	0.02767
COG5466	0.02745
COG4888	0.02745
COG4712	0.02745
COG4396	0.02722
COG3207	0.02722
COG4739	0.02700
COG2410	0.02700
COG1821	0.02700
COG4897	0.02677
COG3680	0.02677
COG2054	0.02677
COG1229	0.02677
COG5212	0.02632
COG4945	0.02632
COG3421	0.02632
COG2037	0.02632
COG1784	0.02632
COG1029	0.02610
COG4034	0.02587
COG2457	0.02587
COG1548	0.02587
COG1614	0.02565
COG1365	0.02542
COG5306	0.02520
COG4449	0.02520
COG2881	0.02520
COG1730	0.02520
COG1424	0.02520
COG5597	0.02497
COG4878	0.02475
COG4688	0.02452
COG4287	0.02452
COG4072	0.02452
COG1411	0.02452
COG2406	0.02407
COG5026	0.02385
COG2430	0.02385
COG2413	0.02385
COG1831	0.02385
COG1537	0.02362
COG5290	0.02340
COG2454	0.02295
COG1499	0.02295
COG5003	0.02272
COG4021	0.02272
COG3676	0.02272
COG3972	0.02250
COG2248	0.02250
COG5664	0.02205
COG2254	0.02205
COG3234	0.02182
COG1059	0.02182
COG5585	0.02160
COG1152	0.02160
COG5418	0.02137
COG3936	0.02137
COG3309	0.02137
COG1571	0.02137
COG1532	0.02137
COG5556	0.02115
COG5346	0.02115
COG1856	0.02115
COG5439	0.02092
COG5644	0.02070
COG3889	0.02070
COG1936	0.02070
COG4727	0.02047
COG4588	0.02047
COG2069	0.02025
COG3815	0.02002
COG1817	0.02002
COG5275	0.01980
COG5381	0.01935
COG2403	0.01935
COG2108	0.01935
COG5274	0.01912
COG1980	0.01912
COG5624	0.01890
COG5417	0.01890
COG4331	0.01845
COG1812	0.01845
COG4071	0.01822
COG3955	0.01800
COG5493	0.01777
COG4280	0.01777
COG2112	0.01777
COG0478	0.01777
COG5148	0.01755
COG1751	0.01755
COG5384	0.01710
COG4741	0.01665
COG3400	0.01665
COG5548	0.01642
COG4707	0.01642
COG2019	0.01620
COG5599	0.01597
COG5186	0.01575
COG2401	0.01552
COG5655	0.01530
COG5613	0.01530
COG1531	0.01530
COG5550	0.01507
COG5238	0.01507
COG1628	0.01507
COG5160	0.01485
COG5119	0.01440
COG4685	0.01440
COG1093	0.01440
COG5533	0.01417
COG5445	0.01417
COG4999	0.01417
COG5378	0.01395
COG2061	0.01395
COG5526	0.01372
COG4012	0.01372
COG5518	0.01350
COG4860	0.01350
COG2383	0.01350
COG1867	0.01327
COG5565	0.01305
COG5329	0.01305
COG4884	0.01305
COG5324	0.01215
COG5029	0.01215
COG1184	0.01215
COG4885	0.01192
COG1504	0.01192
COG3692	0.01170
COG5427	0.01147
COG4756	0.01147
COG4316	0.01147
COG1458	0.01147
COG4408	0.01125
COG1901	0.01125
COG1341	0.01125
COG5625	0.01102
COG2123	0.01102
COG1110	0.01102
COG4047	0.01057
COG5217	0.00990
COG5022	0.00990
COG3374	0.00990
COG5604	0.00945
COG4745	0.00922
COG1777	0.00922
COG5272	0.00900
COG5114	0.00877
COG4304	0.00877
COG2150	0.00877
COG2100	0.00877
COG5260	0.00855
COG1892	0.00855
COG1591	0.00855
COG1467	0.00855
COG1326	0.00855
COG1223	0.00855
COG1031	0.00855
COG4809	0.00832
COG4743	0.00832
COG5239	0.00810
COG4871	0.00810
COG3357	0.00810
COG1241	0.00810
COG5190	0.00787
COG5108	0.00787
COG5580	0.00765
COG5049	0.00742
COG1997	0.00742
COG1608	0.00742
COG5619	0.00720
COG5074	0.00720
COG1800	0.00697
COG1888	0.00675
COG5222	0.00652
COG5096	0.00652
COG3398	0.00652
COG1709	0.00652
COG1542	0.00630
COG2260	0.00607
COG1412	0.00607
COG5156	0.00585
COG4092	0.00585
COG5055	0.00562
COG3792	0.00562
COG2245	0.00562
COG2029	0.00562
COG1750	0.00562
COG1107	0.00562
COG5078	0.00540
COG4900	0.00540
COG4518	0.00540
COG1439	0.00540
COG5371	0.00517
COG5066	0.00517
COG2178	0.00517
COG4063	0.00495
COG1497	0.00495
COG1163	0.00495
COG1405	0.00472
COG1389	0.00472
COG5270	0.00450
COG5244	0.00450
COG4306	0.00450
COG1992	0.00450
COG1665	0.00450
COG5307	0.00427
COG4831	0.00427
COG2136	0.00427
COG2117	0.00427
COG1689	0.00427
COG5354	0.00405
COG2219	0.00405
COG1962	0.00405
COG5147	0.00382
COG1693	0.00382
COG5206	0.00360
COG5014	0.00360
COG1810	0.00360
COG5414	0.00337
COG4742	0.00315
COG4906	0.00292
COG4827	0.00292
COG4343	0.00292
COG2093	0.00292
COG2023	0.00292
COG1382	0.00292
COG5422	0.00270
COG4881	0.00270
COG4855	0.00270
COG4344	0.00270
COG2880	0.00270
COG2042	0.00270
COG4801	0.00247
COG1998	0.00247
COG1650	0.00247
COG1552	0.00247
COG1549	0.00247
COG5277	0.00225
COG4893	0.00225
COG1880	0.00225
COG1851	0.00225
COG1818	0.00225
COG1339	0.00225
COG5643	0.00202
COG5574	0.00202
COG5054	0.00202
COG1153	0.00202
COG5539	0.00180
COG5050	0.00180
COG2036	0.00180
COG1889	0.00180
COG1599	0.00180
COG1311	0.00180
COG5048	0.00157
COG4746	0.00157
COG4070	0.00157
COG2090	0.00157
COG5407	0.00135
COG5144	0.00135
COG5044	0.00135
COG4353	0.00135
COG3888	0.00135
COG1707	0.00135
COG1096	0.00135
COG5296	0.00112
COG5271	0.00112
COG5038	0.00112
COG5033	0.00112
COG4883	0.00112
COG4738	0.00112
COG4022	0.00112
COG1829	0.00112
COG5411	0.00090
COG5256	0.00090
COG5215	0.00090
COG5192	0.00090
COG5187	0.00090
COG5178	0.00090
COG4061	0.00090
COG2517	0.00090
COG1627	0.00090
COG1601	0.00090
COG5253	0.00067
COG5166	0.00067
COG5161	0.00067
COG5113	0.00067
COG4854	0.00067
COG4007	0.00067
COG3413	0.00067
COG3354	0.00067
COG2511	0.00067
COG2419	0.00067
COG1824	0.00067
COG1798	0.00067
COG1701	0.00067
COG1356	0.00067
COG5665	0.00045
COG5627	0.00045
COG5325	0.00045
COG5188	0.00045
COG5182	0.00045
COG4800	0.00045
COG4066	0.00045
COG4019	0.00045
COG4018	0.00045
COG4017	0.00045
COG4016	0.00045
COG4015	0.00045
COG3352	0.00045
COG2118	0.00045
COG1911	0.00045
COG1782	0.00045
COG1710	0.00045
COG4069	0.00022
